datetime,symbol,stock_close,convert_price,resale_price,interest,factor,factor_cross_percent,factor_ts_percent,factor_percent,new,new_cross_percent,new_ts_percent,new_percent
2023-08-17,110043.SH,5.44,5.43,100.0,0.0,0.0018416206261511192,0.6806167400881057,0.6964285714285714,0.6885226557583386,0.0018416206261511192,0.724669603524229,0.6964285714285714,0.7105490874764002
2023-08-17,110044.SH,5.81,6.82,102.0,0.284931506849,-0.14809384164222883,0.46916299559471364,0.4126984126984127,0.44093070414656316,-0.16712447688276788,0.4647577092511013,0.42857142857142855,0.44666456891126494
2023-08-17,110045.SH,7.32,6.1,101.8,0.177534246575,0.20000000000000018,0.8722466960352423,0.9464285714285714,0.9093376337319068,0.17672976588988587,0.8788546255506607,0.9444444444444444,0.9116495349975526
2023-08-17,110047.SH,2.27,2.37,103.0,1.479452054795,-0.04219409282700426,0.6134361233480177,0.37896825396825395,0.4962021886581358,-0.08325906354230539,0.5903083700440529,0.3611111111111111,0.475709740577582
2023-08-17,110048.SH,8.25,5.57,102.0,1.252602739726,0.4811490125673248,0.9449339207048458,0.9107142857142857,0.9278241032095658,0.4344907278520922,0.9449339207048458,0.9087301587301587,0.9268320397175023
2023-08-17,110052.SH,11.58,7.94,102.2,0.909589041096,0.4584382871536523,0.9405286343612335,0.6130952380952381,0.7768119362282357,0.41445456306917094,0.9383259911894273,0.6111111111111112,0.7747185511502692
2023-08-17,110053.SH,7.12,5.48,100.0,0.0,0.2992700729927007,0.9162995594713657,0.9603174603174603,0.9383085098944131,0.2992700729927007,0.9185022026431718,0.9603174603174603,0.9394098314803161
2023-08-17,110055.SH,25.28,15.59,102.0,0.769315068493,0.6215522771007056,0.9537444933920705,0.5575396825396826,0.7556420879658765,0.5778564603840985,0.9537444933920705,0.5555555555555556,0.754650024473813
2023-08-17,110058.SH,7.03,5.04,102.0,0.611506849315,0.39484126984126977,0.933920704845815,0.9027777777777778,0.9183492413117964,0.3593419614133473,0.933920704845815,0.9007936507936508,0.9173571778197329
2023-08-17,110059.SH,7.1,13.24,104.0,1.691506849315,-0.46374622356495476,0.09251101321585903,0.878968253968254,0.4857396335920565,-0.4926235868700545,0.08370044052863436,0.8650793650793651,0.47438990280399973
2023-08-17,110060.SH,4.63,4.17,102.0,1.208219178082,0.11031175059952036,0.8127753303964758,0.9801587301587301,0.896467030277603,0.07579779928546015,0.7951541850220264,0.9801587301587301,0.8876564575903783
2023-08-17,110061.SH,15.02,8.4,100.0,0.0,0.788095238095238,0.9669603524229075,0.9920634920634921,0.9795119222431998,0.788095238095238,0.9691629955947136,0.9920634920634921,0.9806132438291029
2023-08-17,110062.SH,17.1,22.66,102.0,1.064383561644,-0.24536628420123563,0.31497797356828194,0.5873015873015873,0.45113978043493463,-0.2678035906095444,0.30616740088105726,0.5833333333333334,0.4447503671071953
2023-08-17,110063.SH,2.27,2.37,102.5,1.019178082192,-0.04219409282700426,0.6134361233480177,0.37896825396825395,0.4962021886581358,-0.074755108263593,0.6035242290748899,0.3611111111111111,0.48231767009300053
2023-08-17,110064.SH,3.67,4.47,103.6,1.320547945205,-0.1789709172259507,0.3964757709251101,0.5,0.44823788546255505,-0.2174754146319996,0.3766519823788546,0.4642857142857143,0.4204688483322845
2023-08-17,110067.SH,5.6,6.02,100.0,0.348493150685,-0.06976744186046513,0.5814977973568282,0.9722222222222222,0.7768600097895252,-0.07299798040546379,0.6079295154185022,0.9722222222222222,0.7900758688203622
2023-08-17,110068.SH,16.88,10.12,102.0,0.604109589041,0.6679841897233203,0.9559471365638766,0.6349206349206349,0.7954338857422558,0.6256504699510352,0.9559471365638766,0.6309523809523809,0.7934497587581288
2023-08-17,110070.SH,2.36,2.59,102.2,0.556712328767,-0.08880308880308885,0.552863436123348,0.7599206349206349,0.6563920355219914,-0.11324828271892928,0.5550660792951542,0.7658730158730159,0.660469547584085
2023-08-17,110072.SH,2.09,4.03,102.0,0.6,-0.4813895781637718,0.07488986784140969,0.15873015873015872,0.1168100132857842,-0.4945317525962688,0.08149779735682819,0.14285714285714285,0.11217747010698552
2023-08-17,110073.SH,7.95,9.66,100.0,0.054794520548,-0.17701863354037262,0.40308370044052866,0.9742063492063492,0.6886450248234389,-0.17746933527446918,0.44052863436123346,0.9722222222222222,0.7063754282917278
2023-08-17,110074.SH,4.62,3.57,102.0,0.997260273973,0.2941176470588236,0.9140969162995595,0.8591269841269841,0.8866119502132718,0.25645832094607846,0.9096916299559471,0.8571428571428571,0.8834172435494021
2023-08-17,110075.SH,6.77,6.17,102.0,0.504657534247,0.0972447325769854,0.7973568281938326,0.4027777777777778,0.6000673029858052,0.07043402609329608,0.788546255506608,0.3968253968253968,0.5926858261660024
2023-08-17,110076.SH,18.04,33.67,102.0,0.791780821918,-0.4642114642114643,0.09030837004405286,0.11904761904761904,0.10467799454583596,-0.47876325178492185,0.09030837004405286,0.11507936507936507,0.10269386756170897
2023-08-17,110077.SH,8.23,5.78,102.0,0.445479452055,0.4238754325259515,0.9361233480176211,0.9801587301587301,0.9581410390881756,0.3898860546524481,0.9361233480176211,0.9801587301587301,0.9581410390881756
2023-08-17,110079.SH,11.47,12.24,100.0,0.311232876712,-0.06290849673202614,0.5881057268722467,0.34523809523809523,0.466671911055171,-0.06581598451719695,0.6123348017621145,0.3492063492063492,0.48077057548423185
2023-08-17,110080.SH,7.17,5.71,100.0,0.0,0.25569176882662004,0.9052863436123348,0.8948412698412699,0.9000638067268023,0.25569176882662004,0.9074889867841409,0.8948412698412699,0.9011651283127053
2023-08-17,110081.SH,44.59,96.61,102.0,0.017260273973,-0.5384535762343443,0.046255506607929514,0.023809523809523808,0.03503251520872666,-0.5475800638772819,0.05066079295154185,0.023809523809523808,0.03723515838053283
2023-08-17,110082.SH,34.01,50.96,102.0,0.402739726027,-0.33261381475667195,0.2026431718061674,0.5119047619047619,0.35727396685546464,-0.34827311551538187,0.20704845814977973,0.49206349206349204,0.3495559751066359
2023-08-17,110083.SH,4.57,3.37,100.0,0.306849315068,0.35608308605341255,0.9251101321585903,0.9900793650793651,0.9575947486189778,0.3519346837362012,0.9295154185022027,0.9880952380952381,0.9588053282987203
2023-08-17,110084.SH,8.77,7.18,102.0,0.320547945205,0.2214484679665738,0.8876651982378855,0.9126984126984127,0.9001818054681491,0.1937469965667964,0.8898678414096917,0.9087301587301587,0.8992990000699252
2023-08-17,110085.SH,32.86,35.5,102.0,0.191780821918,-0.07436619718309856,0.5770925110132159,0.0992063492063492,0.33814943010978255,-0.09421893290035288,0.5748898678414097,0.09523809523809523,0.3350639815397525
2023-08-17,110086.SH,3.83,4.92,102.0,0.161643835616,-0.22154471544715448,0.34801762114537443,0.22420634920634921,0.28611198517586184,-0.23801609358848508,0.34801762114537443,0.21428571428571427,0.28115166771554434
2023-08-17,110087.SH,4.78,6.8,102.0,0.061369863014,-0.2970588235294117,0.24669603524229075,0.11706349206349206,0.1818797636528914,-0.31125637700721576,0.24669603524229075,0.11507936507936507,0.18088770016082792
2023-08-17,110088.SH,11.79,14.12,102.0,0.185205479452,-0.16501416430594906,0.42070484581497797,0.5024630541871922,0.4615839500010851,-0.1828701309780555,0.4251101321585903,0.5024630541871922,0.4637865931728912
2023-08-17,110089.SH,21.86,30.0,102.0,0.180821917808,-0.2713333333333333,0.2709251101321586,0.5357142857142857,0.40331969792322214,-0.28688509938509776,0.2753303964757709,0.5255102040816326,0.4004203002787018
2023-08-17,110090.SH,22.7,18.57,101.8,0.270410958904,0.2224017232094775,0.8898678414096917,0.6903553299492385,0.7901115856794652,0.1976063500926295,0.8942731277533039,0.6903553299492385,0.7923142288512712
2023-08-17,110091.SH,20.8,14.0,102.0,0.135890410959,0.48571428571428577,0.947136563876652,0.8040540540540541,0.875595308965353,0.4546446697006239,0.9493392070484582,0.8040540540540541,0.8766966305512561
2023-08-17,110092.SH,2.72,3.02,102.0,0.184109589041,-0.09933774834437081,0.5374449339207048,0.3702290076335878,0.4538369707771463,-0.11858873627429156,0.5462555066079295,0.33587786259541985,0.4410666846016747
2023-08-17,111000.SH,18.56,19.75,103.0,0.235616438356,-0.06025316455696206,0.5991189427312775,0.03571428571428571,0.3174166142227816,-0.08970676219657281,0.5770925110132159,0.03571428571428571,0.3064033983637508
2023-08-17,111001.SH,7.45,11.12,102.3,0.387671232877,-0.33003597122302153,0.2092511013215859,0.06349206349206349,0.13637158240682468,-0.3475711146885183,0.2092511013215859,0.05952380952380952,0.1343874554226977
2023-08-17,111002.SH,14.46,14.54,102.0,0.346575342466,-0.005502063273727487,0.6674008810572687,0.27380952380952384,0.47060520243339626,-0.02830365022127712,0.6762114537444934,0.26587301587301587,0.4710422348087546
2023-08-17,111003.SH,9.46,14.21,103.0,0.269589041096,-0.3342716396903589,0.20044052863436124,0.1111111111111111,0.15577581987273617,-0.3553490756657166,0.18722466960352424,0.10317460317460317,0.1451996363890637
2023-08-17,111004.SH,22.79,24.41,103.0,0.231780821918,-0.06636624334289232,0.5859030837004405,0.22817460317460317,0.40703884343752184,-0.09559464224714787,0.5726872246696035,0.2222222222222222,0.39745472344591287
2023-08-17,111005.SH,15.98,15.85,102.5,0.076712328767,0.008201892744479578,0.7004405286343612,0.8313492063492064,0.7658948674917838,-0.017123994466592407,0.7070484581497798,0.8293650793650794,0.7682067687574297
2023-08-17,111007.SH,30.2,33.61,103.0,0.255616438356,-0.10145789943469208,0.5286343612334802,0.5333333333333333,0.5309838472834068,-0.12978864340833118,0.5176211453744494,0.5333333333333333,0.5254772393538913
2023-08-17,111008.SH,41.73,46.99,102.8,0.316712328767,-0.11193871036390735,0.5088105726872246,0.39204545454545453,0.45042801361633955,-0.13878044636965636,0.5,0.38636363636363635,0.4431818181818182
2023-08-17,111009.SH,9.84,10.7,102.0,0.233424657534,-0.0803738317757009,0.5704845814977973,0.5953757225433526,0.582930152020575,-0.10046428425448617,0.5704845814977973,0.5953757225433526,0.582930152020575
2023-08-17,111010.SH,33.44,44.96,102.0,0.227671232877,-0.2562277580071175,0.29515418502202645,0.01775147928994083,0.15645283215598363,-0.27243550300725117,0.29515418502202645,0.01775147928994083,0.15645283215598363
2023-08-17,111011.SH,16.79,17.61,103.0,0.186575342466,-0.04656445201590009,0.6101321585903083,0.4962121212121212,0.5531721399012148,-0.07600814852150872,0.5991189427312775,0.48484848484848486,0.5419837137898812
2023-08-17,111012.SH,14.95,13.85,103.0,0.247671232877,0.07942238267148016,0.7775330396475771,0.5381679389312977,0.6578504892894375,0.0454689871278775,0.76431718061674,0.5343511450381679,0.649334162827454
2023-08-17,113017.SH,1.96,2.11,100.0,0.0,-0.07109004739336489,0.579295154185022,0.7658730158730159,0.672584085029019,-0.07109004739336489,0.6101321585903083,0.7658730158730159,0.6880025872316622
2023-08-17,113021.SH,5.52,6.1,100.0,1.464109589041,-0.09508196721311479,0.5440528634361234,0.7896825396825397,0.6668677015593315,-0.10813977824073451,0.5616740088105727,0.7857142857142857,0.6736941472624292
2023-08-17,113024.SH,7.82,9.2,102.0,0.65095890411,-0.1499999999999999,0.46255506607929514,0.45634920634920634,0.45945213621425074,-0.17195123253157707,0.45154185022026433,0.48412698412698413,0.46783441717362423
2023-08-17,113025.SH,14.33,7.49,100.0,0.0,0.9132176234979972,0.9757709251101322,0.29365079365079366,0.6347108593804629,0.9132176234979972,0.9757709251101322,0.29365079365079366,0.6347108593804629
2023-08-17,113027.SH,8.92,7.26,102.0,0.320547945205,0.2286501377410468,0.8942731277533039,0.8809523809523809,0.8876127543528425,0.2007853382480096,0.8964757709251101,0.8809523809523809,0.8887140759387455
2023-08-17,113030.SH,4.37,4.96,102.0,0.97397260274,-0.11895161290322576,0.4955947136563877,0.3253968253968254,0.41049576952660655,-0.14439701137321115,0.4911894273127753,0.2698412698412698,0.38051534857702257
2023-08-17,113033.SH,5.79,6.8,102.0,0.571232876712,-0.1485294117647059,0.4669603524229075,0.6111111111111112,0.5390357317670094,-0.16987388729280473,0.45594713656387664,0.623015873015873,0.5394815047898749
2023-08-17,113037.SH,2.81,3.85,100.0,0.128219178082,-0.2701298701298701,0.2753303964757709,0.9464285714285714,0.6108794839521712,-0.27106450523001224,0.29955947136563876,0.9444444444444444,0.6220019579050415
2023-08-17,113039.SH,4.1,3.28,102.0,0.983561643836,0.25,0.9008810572687225,0.49007936507936506,0.6954802111740438,0.2137859480167026,0.9008810572687225,0.47619047619047616,0.6885357667295993
2023-08-17,113042.SH,6.04,9.83,100.0,0.842465753425,-0.38555442522889116,0.15859030837004406,0.9484126984126984,0.5535015033913713,-0.39068767291597106,0.16299559471365638,0.9484126984126984,0.5557041465631773
2023-08-17,113043.SH,8.81,11.39,100.0,0.412602739726,-0.22651448639157157,0.3436123348017621,0.9801587301587301,0.6618855324802462,-0.22969279502361084,0.3524229074889868,0.9801587301587301,0.6662908188238584
2023-08-17,113044.SH,7.24,6.22,103.0,0.676712328767,0.16398713826366573,0.8480176211453745,0.996031746031746,0.9220246835885603,0.12270838081031266,0.8414096916299559,0.9920634920634921,0.9167365918467241
2023-08-17,113045.SH,14.49,19.07,102.0,0.274520547945,-0.24016780283167283,0.32158590308370044,0.20238095238095238,0.2619834277323264,-0.25706598955687354,0.32599118942731276,0.20238095238095238,0.2641860709041326
2023-08-17,113046.SH,6.5,10.55,102.0,0.326575342466,-0.3838862559241707,0.16079295154185022,0.14285714285714285,0.15182504719949652,-0.39789468961135144,0.15859030837004406,0.1388888888888889,0.14873959862946648
2023-08-17,113047.SH,8.55,11.76,102.0,0.215342465753,-0.2729591836734693,0.2687224669603524,0.22023809523809523,0.24448028109922382,-0.28871654803668634,0.27312775330396477,0.21825396825396826,0.2456908607789665
2023-08-17,113048.SH,4.61,5.25,102.0,0.320547945205,-0.12190476190476185,0.4911894273127753,0.15079365079365079,0.32099153905321304,-0.14181925749119506,0.4955947136563877,0.15079365079365079,0.3231941822250192
2023-08-17,113049.SH,26.4,40.09,102.0,0.113424657534,-0.34148166625093546,0.18502202643171806,0.25793650793650796,0.221479267184113,-0.3551109112659865,0.1894273127753304,0.26587301587301587,0.22765016432417312
2023-08-17,113050.SH,8.33,9.11,100.0,0.122739726027,-0.08562019758507133,0.5616740088105727,0.3373015873015873,0.44948779805608,-0.08674112902122799,0.5814977973568282,0.3412698412698413,0.4613838193133347
2023-08-17,113051.SH,3.51,3.52,102.0,0.095342465753,-0.0028409090909091717,0.6718061674008811,0.14285714285714285,0.4073316551290119,-0.023305993372245037,0.6894273127753304,0.14682539682539683,0.41812635480036364
2023-08-17,113052.SH,16.02,23.29,100.0,0.256438356164,-0.3121511378273937,0.2356828193832599,0.9087301587301587,0.5722064890567093,-0.31391053437485716,0.2422907488986784,0.9087301587301587,0.5755104538144186
2023-08-17,113053.SH,28.18,58.44,102.0,0.246575342466,-0.5177960301163587,0.05726872246696035,0.06547619047619048,0.061372456471575416,-0.5283910798297731,0.05947136563876652,0.06349206349206349,0.061481714565415
2023-08-17,113054.SH,7.23,9.6,102.0,0.190684931507,-0.24687499999999996,0.30837004405286345,0.6448412698412699,0.4766056569470667,-0.26301991174168193,0.31057268722466963,0.6388888888888888,0.47473078805677926
2023-08-17,113055.SH,13.62,13.13,100.0,0.184109589041,0.03731911652703723,0.7334801762114538,0.8015873015873016,0.7675337388993777,0.035412822235142416,0.7577092511013216,0.8015873015873016,0.7796482763443116
2023-08-17,113056.SH,7.96,10.5,100.0,0.162191780822,-0.24190476190476196,0.31938325991189426,0.9325396825396826,0.6259614712257884,-0.24313233904253462,0.3436123348017621,0.9285714285714286,0.6360918816865954
2023-08-17,113057.SH,12.48,9.7,100.0,0.0,0.28659793814433,0.9118942731277533,0.9285714285714286,0.9202328508495909,0.28659793814432977,0.9162995594713657,0.9285714285714286,0.9224354940213971
2023-08-17,113058.SH,7.29,6.58,102.0,0.193150684932,0.10790273556231011,0.8061674008810573,0.9424603174603174,0.8743138591706874,0.08412621407284426,0.8039647577092511,0.9404761904761905,0.8722204740927209
2023-08-17,113059.SH,32.08,42.46,102.0,0.123287671233,-0.24446537918040512,0.31718061674008813,0.2896825396825397,0.30343157821131395,-0.2601740131478154,0.31938325991189426,0.2857142857142857,0.30254877281309
2023-08-17,113060.SH,11.07,10.19,100.0,0.071232876712,0.08635917566241424,0.7841409691629956,0.9722222222222222,0.8781815956926089,0.08558588160976432,0.8061674008810573,0.9722222222222222,0.8891948115516397
2023-08-17,113061.SH,68.9,70.92,102.0,0.038356164384,-0.028482797518330494,0.6255506607929515,0.532520325203252,0.5790354929981018,-0.04789018659164468,0.6431718061674009,0.532520325203252,0.5878460656853264
2023-08-17,113062.SH,7.17,7.83,100.0,0.184657534247,-0.08429118773946365,0.5638766519823789,0.7233009708737864,0.6435888114280827,-0.08597899638723472,0.5859030837004405,0.7233009708737864,0.6546020272871135
2023-08-17,113063.SH,11.7,8.89,100.0,0.0,0.3160854893138356,0.9185022026431718,0.9803370786516854,0.9494196406474287,0.3160854893138356,0.920704845814978,0.9803370786516854,0.9505209622333317
2023-08-17,113064.SH,12.23,11.65,102.0,0.22602739726,0.04978540772532192,0.751101321585903,0.37349397590361444,0.5622976487447587,0.026925758980887338,0.7533039647577092,0.37349397590361444,0.5633989703306619
2023-08-17,113065.SH,4.08,5.49,100.0,0.143561643836,-0.25683060109289624,0.29295154185022027,0.9099378881987578,0.601444715024489,-0.2578959778261022,0.32158590308370044,0.906832298136646,0.6142091006101732
2023-08-17,113504.SH,21.8,20.21,100.0,0.0,0.07867392380009885,0.775330396475771,0.25,0.5126651982378855,0.07867392380009885,0.7995594713656388,0.25,0.5247797356828194
2023-08-17,113505.SH,5.84,5.93,102.0,0.904109589041,-0.015177065767284947,0.6519823788546255,0.746031746031746,0.6990070624431858,-0.04297025826692946,0.6497797356828194,0.746031746031746,0.6979057408572827
2023-08-17,113516.SH,4.46,5.04,100.0,0.087671232877,-0.11507936507936511,0.5,0.5158730158730159,0.5079365079365079,-0.11585450633408845,0.5506607929515418,0.5634920634920635,0.5570764282218026
2023-08-17,113519.SH,16.29,11.04,102.0,1.400547945205,0.4755434782608696,0.9427312775330396,1.0,0.9713656387665198,0.427017078326126,0.9427312775330396,1.0,0.9713656387665198
2023-08-17,113524.SH,13.08,13.53,102.0,1.218082191781,-0.03325942350332589,0.6233480176211453,0.876984126984127,0.7501660723026362,-0.06339998189420593,0.6145374449339207,0.8690476190476191,0.7417925319907699
2023-08-17,113526.SH,5.74,5.72,102.0,1.020821917808,0.0034965034965035446,0.6894273127753304,0.498015873015873,0.5937215928956017,-0.025928462988664136,0.6850220264317181,0.48412698412698413,0.5845745052793511
2023-08-17,113527.SH,9.54,9.75,102.5,1.128767123288,-0.021538461538461617,0.6387665198237885,0.6944444444444444,0.6666054821341165,-0.055801235869713084,0.6343612334801763,0.6944444444444444,0.6644028389623103
2023-08-17,113530.SH,15.76,15.94,103.0,0.986301369863,-0.01129234629861986,0.6585903083700441,0.7380952380952381,0.698342773232641,-0.04919432590961981,0.6409691629955947,0.7341269841269841,0.6875480735612893
2023-08-17,113532.SH,6.35,7.26,102.0,0.680547945205,-0.12534435261707988,0.4889867841409692,0.7817460317460317,0.6353664079435004,-0.14817785365766056,0.486784140969163,0.7976190476190477,0.6422015942941053
2023-08-17,113534.SH,16.79,7.84,102.0,0.64602739726,1.141581632653061,0.9823788546255506,0.7063492063492064,0.8443640304873785,1.086375563629682,0.9823788546255506,0.7063492063492064,0.8443640304873785
2023-08-17,113535.SH,12.12,9.59,100.0,0.0,0.2638164754953076,0.9096916299559471,0.9523809523809523,0.9310362911684498,0.2638164754953076,0.9118942731277533,0.9523809523809523,0.9321376127543528
2023-08-17,113537.SH,43.2,18.98,103.5,0.472602739726,1.2760800842992626,0.9889867841409692,0.17063492063492064,0.5798108523879449,1.1891152325934944,0.9889867841409692,0.16666666666666666,0.577826725403818
2023-08-17,113542.SH,10.47,15.39,102.0,0.083835616438,-0.31968810916179335,0.22466960352422907,0.6011904761904762,0.4129300398573526,-0.3335753043269666,0.2290748898678414,0.623015873015873,0.4260453814418572
2023-08-17,113545.SH,8.18,9.96,102.0,1.265753424658,-0.17871485943775112,0.3986784140969163,0.11507936507936507,0.2568788895881407,-0.20468779500896883,0.3986784140969163,0.1111111111111111,0.25489476260401367
2023-08-17,113546.SH,13.87,13.72,103.0,1.310684931507,0.010932944606413919,0.7092511013215859,0.873015873015873,0.7911334871687294,-0.030844303946218288,0.6674008810572687,0.8611111111111112,0.7642559960841899
2023-08-17,113549.SH,8.86,9.0,102.0,1.134246575342,-0.015555555555555656,0.6497797356828194,0.7301587301587301,0.6899692329207747,-0.04547279188655884,0.6475770925110133,0.7261904761904762,0.6868837843507447
2023-08-17,113561.SH,8.77,9.88,102.5,1.134246575342,-0.11234817813765197,0.5044052863436124,0.4126984126984127,0.4585518495210125,-0.14347635921970447,0.4933920704845815,0.4007936507936508,0.44709286063911613
2023-08-17,113563.SH,21.53,22.89,102.0,0.879452054795,-0.0594145915246832,0.6013215859030837,0.6468253968253969,0.6240734913642403,-0.08574026232726417,0.5881057268722467,0.6388888888888888,0.6134973078805678
2023-08-17,113565.SH,5.34,5.85,103.0,0.71095890411,-0.0871794871794872,0.5572687224669604,0.9424603174603174,0.7498645199636389,-0.11984179640601289,0.539647577092511,0.9404761904761905,0.7400618837843507
2023-08-17,113566.SH,9.33,10.76,102.8,0.843287671233,-0.13289962825278812,0.4845814977973568,0.6904761904761905,0.5875288441367736,-0.16338009799752584,0.46916299559471364,0.6666666666666666,0.5679148311306901
2023-08-17,113569.SH,6.26,14.76,103.0,0.665753424658,-0.575880758807588,0.028634361233480177,0.5119047619047619,0.270269561569121,-0.5908781567862211,0.028634361233480177,0.5119047619047619,0.270269561569121
2023-08-17,113573.SH,12.12,18.7,102.8,0.606575342466,-0.35187165775401075,0.17400881057268722,0.5496031746031746,0.36180599258793095,-0.3732232789844435,0.17400881057268722,0.5357142857142857,0.35486154814348647
2023-08-17,113574.SH,14.34,30.71,102.7,0.690410958904,-0.5330511234125692,0.048458149779735685,0.8293650793650794,0.43891161457240757,-0.54836345821951,0.04405286343612335,0.8333333333333334,0.43869309838472836
2023-08-17,113575.SH,7.39,12.15,102.3,0.538356164384,-0.39176954732510294,0.14977973568281938,0.5634920634920635,0.35663589958744146,-0.40855681152403966,0.14977973568281938,0.5555555555555556,0.3526676456191875
2023-08-17,113576.SH,2.55,10.55,103.0,0.641095890411,-0.7582938388625593,0.0022026431718061676,0.17857142857142858,0.09038703587161737,-0.7667854058654318,0.0022026431718061676,0.17063492063492064,0.0864187819033634
2023-08-17,113577.SH,7.88,10.65,103.0,0.517808219178,-0.26009389671361505,0.28634361233480177,0.06944444444444445,0.1778940283896231,-0.28523785808932156,0.2775330396475771,0.06746031746031746,0.17249667855394726
2023-08-17,113578.SH,2.95,3.2,100.0,0.0,-0.078125,0.5726872246696035,0.9464285714285714,0.7595578980490875,-0.078125,0.5969162995594713,0.9464285714285714,0.7716724354940214
2023-08-17,113579.SH,13.26,24.54,102.0,0.480821917808,-0.45965770171149145,0.09691629955947137,0.11904761904761904,0.1079819593035452,-0.4727381297528277,0.09691629955947137,0.10714285714285714,0.10202957835116425
2023-08-17,113582.SH,34.99,24.15,102.0,0.341095890411,0.44886128364389255,0.9383259911894273,0.21428571428571427,0.5763058527375707,0.4157179684643635,0.9405286343612335,0.21428571428571427,0.5774071743234739
2023-08-17,113584.SH,12.58,35.8,102.0,0.304109589041,-0.6486033519553072,0.011013215859030838,0.7916666666666666,0.4013399412628487,-0.6565175637066147,0.011013215859030838,0.7857142857142857,0.39836375078665825
2023-08-17,113588.SH,14.09,13.1,102.0,0.254794520548,0.07557251908396956,0.7709251101321586,0.8015873015873016,0.7862562058597301,0.05185534245813206,0.7731277533039648,0.8055555555555556,0.7893416544297602
2023-08-17,113589.SH,4.72,12.29,102.0,0.22602739726,-0.6159479251423922,0.01762114537444934,0.876984126984127,0.44730263617928817,-0.6243108681459906,0.01762114537444934,0.8809523809523809,0.44928676316341515
2023-08-17,113591.SH,9.88,8.71,100.0,0.0,0.13432835820895517,0.8259911894273128,0.5912698412698413,0.708630515348577,0.13432835820895517,0.8502202643171806,0.5912698412698413,0.7207450527935109
2023-08-17,113593.SH,12.79,21.1,102.8,0.158904109589,-0.39383886255924183,0.14537444933920704,0.5992063492063492,0.3722903992727781,-0.41125914005886954,0.14537444933920704,0.6031746031746031,0.3742745262569051
2023-08-17,113594.SH,16.12,17.93,102.8,0.138082191781,-0.10094813162297822,0.5308370044052864,0.44047619047619047,0.4856565974407384,-0.12660907485917217,0.526431718061674,0.44047619047619047,0.48345395426893223
2023-08-17,113595.SH,4.77,4.48,100.0,0.0,0.06473214285714257,0.762114537444934,0.7718253968253969,0.7669699671351654,0.06473214285714257,0.7863436123348018,0.7718253968253969,0.7790845045800994
2023-08-17,113596.SH,8.07,24.26,103.0,0.086301369863,-0.6673536685902721,0.006607929515418502,0.6567460317460317,0.33167698063072515,-0.6773127690203694,0.006607929515418502,0.6865079365079365,0.34655793301167753
2023-08-17,113597.SH,9.05,10.79,103.0,0.093698630137,-0.16126042632066717,0.4251101321585903,0.8174603174603174,0.6212852248094538,-0.18642983535935798,0.41629955947136565,0.8174603174603174,0.6168799384658415
2023-08-17,113598.SH,9.32,7.68,103.0,0.07397260274,0.21354166666666674,0.8832599118942731,0.7301587301587301,0.8067093210265016,0.1773502427657545,0.8810572687224669,0.7420634920634921,0.8115603803929795
2023-08-17,113600.SH,17.33,17.45,103.0,0.020547945205,-0.006876790830945612,0.6651982378854625,0.7896825396825397,0.7274403887840011,-0.035995023344972954,0.6607929515418502,0.7936507936507936,0.727221872596322
2023-08-17,113601.SH,14.0,16.98,103.0,0.991780821918,-0.1755005889281508,0.40748898678414097,0.9662698412698413,0.6868794140269912,-0.20714944531647805,0.3920704845814978,0.9603174603174603,0.6761939724494791
2023-08-17,113602.SH,22.42,26.6,102.0,0.983561643836,-0.15714285714285714,0.44052863436123346,0.5198412698412699,0.48018495210125167,-0.1815614750515948,0.43171806167400884,0.503968253968254,0.4678431578211314
2023-08-17,113604.SH,7.26,10.33,100.0,0.0,-0.2971926427879962,0.2444933920704846,0.4801587301587302,0.3623260611146074,-0.2971926427879962,0.2621145374449339,0.4801587301587302,0.37113663380183204
2023-08-17,113605.SH,28.82,47.11,102.0,0.821917808219,-0.38824028868605387,0.15638766519823788,0.8650793650793651,0.5107335151388015,-0.4050298571020764,0.15418502202643172,0.8611111111111112,0.5076480665687715
2023-08-17,113606.SH,22.6,31.66,103.0,0.8,-0.2861655085281112,0.2488986784140969,0.873015873015873,0.560957275714985,-0.3122981777727467,0.2444933920704846,0.8650793650793651,0.5547863785749249
2023-08-17,113608.SH,7.56,17.62,102.8,0.927123287671,-0.5709421112372305,0.030837004405286344,0.06349206349206349,0.04716453394867492,-0.5863590205111113,0.030837004405286344,0.04365079365079365,0.03724389902804
2023-08-17,113609.SH,14.42,14.8,103.0,0.731506849315,-0.025675675675675746,0.6321585903083701,0.7380952380952381,0.6851269142018042,-0.06072479430991873,0.6255506607929515,0.7380952380952381,0.6818229494440948
2023-08-17,113610.SH,5.08,8.51,103.0,0.712328767123,-0.4030552291421856,0.13656387665198239,0.23015873015873015,0.18336130340535628,-0.4244225561666811,0.13215859030837004,0.21825396825396826,0.17520627928116916
2023-08-17,113615.SH,33.9,12.43,102.0,0.652054794521,1.727272727272727,0.9933920704845814,0.9761904761904762,0.9847912733375288,1.6568126012985505,0.9955947136563876,0.9722222222222222,0.9839084679393049
2023-08-17,113616.SH,88.0,164.36,102.0,0.38301369863,-0.464589924555853,0.0881057268722467,0.40476190476190477,0.24643381581707574,-0.47705185059295496,0.09251101321585903,0.3968253968253968,0.24466820502062792
2023-08-17,113618.SH,17.59,26.35,102.0,0.591780821918,-0.3324478178368122,0.20484581497797358,0.05555555555555555,0.13020068526676457,-0.34931221895646236,0.20044052863436124,0.05555555555555555,0.1279980420949584
2023-08-17,113619.SH,16.8,18.72,102.0,0.575342465753,-0.10256410256410242,0.526431718061674,0.6666666666666666,0.5965491923641704,-0.12509587990356852,0.5286343612334802,0.6587301587301587,0.5936822599818194
2023-08-17,113621.SH,29.3,32.45,102.0,0.558904109589,-0.09707241910631748,0.539647577092511,0.07539682539682539,0.30752220124466817,-0.11960098566491895,0.5418502202643172,0.07539682539682539,0.30862352283057126
2023-08-17,113623.SH,12.05,16.25,102.0,0.361643835616,-0.2584615384615384,0.28854625550660795,0.8253968253968254,0.5569715404517166,-0.27556999501755886,0.28634361233480177,0.8253968253968254,0.5558702188658136
2023-08-17,113624.SH,20.1,46.32,103.0,0.368219178082,-0.5660621761658031,0.03303964757709251,0.2916666666666667,0.1623531571218796,-0.5802018964004672,0.03524229074889868,0.29365079365079366,0.16444654219984617
2023-08-17,113625.SH,39.6,55.04,103.0,0.186301369863,-0.28052325581395343,0.2577092511013216,0.9325396825396826,0.595124466820502,-0.30274005886969424,0.2533039647577093,0.9325396825396826,0.592921823648696
2023-08-17,113626.SH,81.45,35.54,100.0,0.0,1.2917839054586384,0.9911894273127754,0.5277777777777778,0.7594836025452766,1.2917839054586384,0.9911894273127754,0.5277777777777778,0.7594836025452766
2023-08-17,113627.SH,19.44,21.81,102.0,0.093150684932,-0.10866574965612097,0.5176211453744494,0.9761904761904762,0.7469058107824628,-0.12694020669945727,0.5242290748898678,0.9761904761904762,0.750209775540172
2023-08-17,113628.SH,15.62,12.94,103.0,0.690410958904,0.20710973724884085,0.8788546255506607,0.9563492063492064,0.9176019159499336,0.16414789572707855,0.8722466960352423,0.9563492063492064,0.9142979511922243
2023-08-17,113629.SH,14.29,22.2,103.0,0.555616438356,-0.35630630630630633,0.17180616740088106,0.015873015873015872,0.09383959163694847,-0.37840774278344624,0.1696035242290749,0.015873015873015872,0.09273827005104539
2023-08-17,113631.SH,8.34,7.56,102.0,0.310136986301,0.10317460317460325,0.7995594713656388,0.7579365079365079,0.7787479896510734,0.07826519997946524,0.7973568281938326,0.7579365079365079,0.7776466680651702
2023-08-17,113632.SH,20.16,26.92,102.0,0.375342465753,-0.2511144130757801,0.29955947136563876,0.003968253968253968,0.15176386266694636,-0.26849027423303606,0.3039647577092511,0.003968253968253968,0.15396650583875252
2023-08-17,113633.SH,72.76,175.34,102.0,0.357534246575,-0.585034789551728,0.02643171806167401,0.36904761904761907,0.19773966855464653,-0.5945924122706607,0.02643171806167401,0.36904761904761907,0.19773966855464653
2023-08-17,113634.SH,110.16,98.61,102.0,0.346575342466,0.11712808031639788,0.8171806167400881,0.8571428571428571,0.8371617369414726,0.09151486171210954,0.8149779735682819,0.8571428571428571,0.8360604153555695
2023-08-17,113636.SH,21.23,27.66,103.0,0.339726027397,-0.23246565437454803,0.3303964757709251,0.43253968253968256,0.38146807915530384,-0.25727077559508293,0.3237885462555066,0.43253968253968256,0.37816411439759456
2023-08-17,113637.SH,11.53,12.57,103.0,0.392876712329,-0.0827366746221162,0.566079295154185,0.38293650793650796,0.4745079015453465,-0.1128370207456415,0.5572687224669604,0.376984126984127,0.46712642472554367
2023-08-17,113638.SH,10.9,16.6,102.0,0.317808219178,-0.34337349397590367,0.18061674008810572,0.5992063492063492,0.38991154464722744,-0.3582480728892108,0.1828193832599119,0.5912698412698413,0.3870446122648766
2023-08-17,113639.SH,30.72,38.51,102.0,0.225753424658,-0.20228512074785765,0.3590308370044053,0.5912698412698413,0.4751503391371233,-0.21965370513011595,0.36784140969163,0.5873015873015873,0.4775714984966086
2023-08-17,113640.SH,14.77,19.16,103.0,0.300821917808,-0.22912317327766185,0.33480176211453744,0.12698412698412698,0.2308929445493322,-0.25375537927888747,0.33259911894273125,0.12301587301587301,0.22780749597930214
2023-08-17,113641.SH,50.42,81.53,102.0,0.191780821918,-0.3815773334968723,0.16299559471365638,0.2698412698412698,0.2164184322774631,-0.39484109041919246,0.16079295154185022,0.26587301587301587,0.21333298370743303
2023-08-17,113643.SH,12.34,15.23,102.5,0.2,-0.18975705843729485,0.3788546255506608,0.23809523809523808,0.30847493182294944,-0.21105847949103684,0.3832599118942731,0.23809523809523808,0.31067757499475557
2023-08-17,113644.SH,17.86,23.74,103.0,0.171232876712,-0.24768323504633527,0.30616740088105726,0.6587301587301587,0.48244877980560796,-0.27080762342670517,0.30176211453744495,0.6587301587301587,0.48024613663380183
2023-08-17,113646.SH,8.99,8.26,102.5,0.172602739726,0.08837772397094446,0.7907488986784141,0.6964285714285714,0.7435887350534928,0.060046881961267395,0.7841409691629956,0.6944444444444444,0.7392927068037201
2023-08-17,113647.SH,9.1,10.14,102.0,0.161643835616,-0.10256410256410264,0.5242290748898678,0.03968253968253968,0.28195580728620373,-0.12155299803131236,0.5352422907488987,0.03571428571428571,0.2854782882315922
2023-08-17,113648.SH,29.02,25.21,103.0,0.18904109589,0.15113050376834591,0.8436123348017621,0.6190476190476191,0.7313299769246906,0.11555499648324097,0.8392070484581498,0.6190476190476191,0.7291273337528844
2023-08-17,113649.SH,13.34,13.73,103.0,0.085479452055,-0.028404952658412252,0.6277533039647577,0.05555555555555555,0.34165442976015664,-0.05748602760927535,0.6299559471365639,0.05555555555555555,0.34275575134605973
2023-08-17,113650.SH,13.27,23.65,103.0,0.065753424658,-0.43890063424947146,0.10792951541850221,0.07341269841269842,0.09067110691560032,-0.455590875624174,0.11013215859030837,0.07539682539682539,0.09276449199356687
2023-08-17,113651.SH,13.91,16.38,102.0,0.039726027397,-0.1507936507936507,0.460352422907489,0.15637860082304528,0.3083655118652672,-0.16776888544531865,0.46255506607929514,0.15637860082304528,0.3094668334511702
2023-08-17,113652.SH,17.47,32.56,102.0,0.029589041096,-0.4634520884520885,0.0947136563876652,0.1565040650406504,0.1256088607141578,-0.4741251860459832,0.0947136563876652,0.15853658536585366,0.12662512087675942
2023-08-17,113653.SH,13.38,22.59,103.0,0.034520547945,-0.4077025232403718,0.1299559471365639,0.012711864406779662,0.07133390577167177,-0.4251465687327436,0.1299559471365639,0.012711864406779662,0.07133390577167177
2023-08-17,113654.SH,13.56,13.94,102.5,0.015342465753,-0.027259684361549463,0.6299559471365639,0.23706896551724138,0.4335124563269026,-0.05112708767137841,0.6365638766519823,0.2413793103448276,0.438971593498405
2023-08-17,113655.SH,98.68,123.69,102.0,0.017808219178,-0.20219904600210192,0.36123348017621143,0.28448275862068967,0.32285811939845055,-0.21797873535581191,0.3722466960352423,0.28448275862068967,0.32836472732796596
2023-08-17,113656.SH,16.82,22.9,103.0,0.288493150685,-0.26550218340611353,0.2775330396475771,0.3062200956937799,0.2918765676706785,-0.28888708297608134,0.2709251101321586,0.3014354066985646,0.2861802584153616
2023-08-17,113657.SH,4.57,6.0,102.0,0.265479452055,-0.23833333333333329,0.32599118942731276,0.3282828282828283,0.3271370088550705,-0.25520647754479264,0.3303964757709251,0.3282828282828283,0.3293396520268767
2023-08-17,113658.SH,89.84,134.06,102.0,0.276164383562,-0.32985230493808737,0.21145374449339208,0.24,0.22572687224669602,-0.34476649657227487,0.21365638766519823,0.24,0.2268281938325991
2023-08-17,113659.SH,27.09,33.2,102.0,0.253150684932,-0.1840361445783133,0.3898678414096916,0.43513513513513513,0.4125014882724134,-0.20201592815865477,0.4008810572687225,0.40540540540540543,0.403143231337064
2023-08-17,113660.SH,40.28,37.65,102.5,0.375342465753,0.06985391766268267,0.7687224669603524,0.23493975903614459,0.5018311129982485,0.039951743556853714,0.762114537444934,0.2289156626506024,0.49551510004776816
2023-08-17,113661.SH,30.83,46.37,102.0,0.147397260274,-0.3351304722881173,0.19383259911894274,0.379746835443038,0.28678971728099034,-0.34910771537547913,0.20484581497797358,0.379746835443038,0.2922963252105058
2023-08-17,113662.SH,10.22,12.61,102.5,0.218630136986,-0.1895321173671688,0.381057268722467,0.28343949044585987,0.3322483795841634,-0.210982582661015,0.3854625550660793,0.2802547770700637,0.33285866606807146
2023-08-17,113663.SH,35.26,31.86,103.0,0.216164383562,0.10671688637790333,0.8039647577092511,0.5246913580246914,0.6643280578669712,0.07223213823876296,0.7907488986784141,0.5246913580246914,0.6577201283515528
2023-08-17,113664.SH,25.5,22.48,103.0,0.280547945205,0.13434163701067603,0.8281938325991189,0.4,0.6140969162995595,0.09831101749430649,0.8215859030837004,0.3933333333333333,0.6074596182085168
2023-08-17,113665.SH,6.55,8.21,102.5,0.202191780822,-0.2021924482338613,0.3634361233480176,0.35172413793103446,0.35758013063952604,-0.22318351932668634,0.36123348017621143,0.35172413793103446,0.35647880905362295
2023-08-17,113666.SH,31.72,39.99,102.0,0.144657534247,-0.20680170042510637,0.3568281938325991,0.45098039215686275,0.40390429299473096,-0.22345591172112889,0.3590308370044053,0.45098039215686275,0.405005614580634
2023-08-17,118000.SH,22.43,50.48,103.0,0.482191780822,-0.5556656101426307,0.039647577092511016,0.1984126984126984,0.11903013775260471,-0.5706175311801656,0.039647577092511016,0.1984126984126984,0.11903013775260471
2023-08-17,118003.SH,31.01,30.46,102.0,0.358904109589,0.01805646749835854,0.7136563876651982,0.373015873015873,0.5433361303405356,-0.0054050731059098744,0.7180616740088106,0.373015873015873,0.5455387735123418
2023-08-17,118004.SH,19.53,34.94,103.0,0.371506849315,-0.4410417859187178,0.10572687224669604,0.09126984126984126,0.09849835675826865,-0.4592724522279843,0.10352422907488987,0.09126984126984126,0.09739703517236556
2023-08-17,118005.SH,29.11,103.8,102.0,0.278082191781,-0.7195568400770713,0.004405286343612335,0.25,0.12720264317180616,-0.7258032670214998,0.004405286343612335,0.25,0.12720264317180616
2023-08-17,118006.SH,19.2,28.29,103.0,0.299178082192,-0.32131495227995754,0.22246696035242292,0.6349206349206349,0.42869379763652893,-0.34299085402205864,0.22026431718061673,0.6309523809523809,0.4256083490664988
2023-08-17,118007.SH,19.82,24.52,102.8,0.285753424658,-0.19168026101141922,0.3766519823788546,0.10317460317460317,0.2399132927767289,-0.21587638239521112,0.3788546255506608,0.10317460317460317,0.241014614362632
2023-08-17,118008.SH,85.97,217.3,102.7,0.061369863014,-0.604371836171192,0.022026431718061675,0.007936507936507936,0.014981469827284806,-0.6150030265690307,0.022026431718061675,0.007936507936507936,0.014981469827284806
2023-08-17,118009.SH,92.81,92.65,103.0,0.075342465753,0.0017269293038315592,0.6784140969162996,0.9563492063492064,0.817381651632753,-0.028160464626486803,0.6784140969162996,0.9563492063492064,0.817381651632753
2023-08-17,118010.SH,16.83,48.09,102.0,0.069863013699,-0.6500311915159077,0.00881057268722467,0.01984126984126984,0.014325921264247254,-0.6571281687356412,0.00881057268722467,0.01984126984126984,0.014325921264247254
2023-08-17,118011.SH,23.8,31.73,103.0,0.07397260274,-0.24992121021115665,0.30176211453744495,0.2003968253968254,0.25107946996713515,-0.2722907918958931,0.2973568281938326,0.20238095238095238,0.24986889028739248
2023-08-17,118012.SH,21.91,25.36,103.0,0.072328767123,-0.13604100946372233,0.48237885462555063,0.1865079365079365,0.3344433955667436,-0.16179346981839526,0.4713656387665198,0.19047619047619047,0.33092091462135514
2023-08-17,118013.SH,27.03,34.71,102.0,0.056164383562,-0.22126188418323245,0.3502202643171806,0.023809523809523808,0.1870148940633522,-0.2369514173685745,0.3502202643171806,0.027777777777777776,0.1889990210474792
2023-08-17,118014.SH,49.6,59.51,102.0,0.03397260274,-0.1665266341791295,0.4185022026431718,0.8821138211382114,0.6503080118906915,-0.183141316014497,0.42290748898678415,0.8821138211382114,0.6525106550624977
2023-08-17,118015.SH,28.2,55.68,103.0,0.053698630137,-0.49353448275862066,0.06607929515418502,0.008264462809917356,0.03717187898205119,-0.5085421251505973,0.06607929515418502,0.008264462809917356,0.03717187898205119
2023-08-17,118016.SH,9.48,9.82,103.0,0.024931506849,-0.03462321792260692,0.6167400881057269,0.8396624472573839,0.7282012676815555,-0.0629678001647439,0.6167400881057269,0.8523206751054853,0.7345303816056061
2023-08-17,118017.SH,22.45,26.68,100.0,0.0,-0.15854572713643178,0.43612334801762115,0.3680851063829787,0.4021042272002999,-0.15854572713643178,0.47577092511013214,0.3680851063829787,0.4219280157465554
2023-08-17,118018.SH,23.31,30.91,102.0,0.2,-0.24587512131996125,0.31277533039647576,0.45089285714285715,0.3818340937696665,-0.26210872927589157,0.31277533039647576,0.4419642857142857,0.37736980805538073
2023-08-17,118019.SH,32.11,34.45,102.0,0.276164383562,-0.06792452830188689,0.5837004405286343,0.21153846153846154,0.39761945103354795,-0.08866794397706435,0.579295154185022,0.20673076923076922,0.39301296170789557
2023-08-17,118020.SH,9.92,18.62,103.5,0.450684931507,-0.4672395273899034,0.08370044052863436,0.013089005235602094,0.04839472288211823,-0.48748728980368716,0.08590308370044053,0.010471204188481676,0.0481871439444611
2023-08-17,118021.SH,21.61,10.68,103.0,0.445205479452,1.0234082397003745,0.9779735682819384,0.7731958762886598,0.875584722285299,0.9560193537459767,0.9779735682819384,0.7731958762886598,0.875584722285299
2023-08-17,118022.SH,9.8,15.53,102.0,0.255616438356,-0.36896329684481644,0.16519823788546256,0.015706806282722512,0.09045252208409253,-0.38288308736997434,0.16519823788546256,0.015706806282722512,0.09045252208409253
2023-08-17,118023.SH,24.3,33.07,102.0,0.25397260274,-0.2651950408224977,0.27973568281938327,0.021164021164021163,0.15044985199170222,-0.2813922623502919,0.27973568281938327,0.021164021164021163,0.15044985199170222
2023-08-17,118024.SH,20.86,23.59,102.0,0.244931506849,-0.11572700296735905,0.4977973568281938,0.6010928961748634,0.5494451265015285,-0.13514246232009375,0.5066079295154186,0.5956284153005464,0.5511181724079826
2023-08-17,118025.SH,233.08,354.54,102.0,0.163287671233,-0.34258475771422126,0.1828193832599119,0.43956043956043955,0.3111899114101757,-0.35650539712330254,0.18502202643171806,0.43956043956043955,0.3122912329960788
2023-08-17,118026.SH,49.22,124.62,102.5,0.163287671233,-0.6050393195313755,0.019823788546255508,0.23076923076923078,0.12529650965774314,-0.6152853766641107,0.019823788546255508,0.23076923076923078,0.12529650965774314
2023-08-17,118027.SH,63.5,63.2,103.0,0.288219178082,0.004746835443038,0.6916299559471366,0.879746835443038,0.7856883956950873,-0.027239656721424477,0.6806167400881057,0.879746835443038,0.7801817877655719
2023-08-17,118028.SH,10.48,9.31,103.0,0.209589041096,0.12567132116004287,0.8193832599118943,0.8666666666666667,0.8430249632892806,0.09066544263810905,0.8127753303964758,0.86,0.8363876651982378
2023-08-17,118029.SH,16.59,20.01,102.0,0.134794520548,-0.1709145427286357,0.41409691629955947,0.1598639455782313,0.28698043093889536,-0.1882438681515488,0.4118942731277533,0.1564625850340136,0.2841784290808834
2023-08-17,118030.SH,47.37,39.92,102.0,0.189863013699,0.18662324649298578,0.8656387665198237,0.3984375,0.6320381332599119,0.16119467381408836,0.8678414096916299,0.3984375,0.6331394548458149
2023-08-17,118031.SH,35.2,69.21,102.0,0.152876712329,-0.49140297644849007,0.06828193832599119,0.0380952380952381,0.053188588210614646,-0.502121682795325,0.07268722466960352,0.0380952380952381,0.05539123138242081
2023-08-17,123002.SZ,6.84,8.06,100.0,0.0,-0.15136476426799017,0.45594713656387664,0.7956349206349206,0.6257910285993986,-0.15136476426799017,0.4845814977973568,0.7956349206349206,0.6401082092161388
2023-08-17,123004.SZ,2.51,2.44,100.0,0.0,0.0286885245901638,0.7268722466960352,0.9206349206349206,0.8237535836654779,0.0286885245901638,0.7555066079295154,0.9206349206349206,0.838070764282218
2023-08-17,123010.SZ,6.41,7.72,102.0,0.241095890411,-0.1696891191709844,0.41629955947136565,0.7996031746031746,0.6079513670372702,-0.18788929872289362,0.41409691629955947,0.8253968253968254,0.6197468708481924
2023-08-17,123011.SZ,16.38,29.76,102.0,0.169863013699,-0.4495967741935485,0.1013215859030837,0.2896825396825397,0.1955020627928117,-0.4612861272676336,0.1013215859030837,0.34523809523809523,0.22327984057058947
2023-08-17,123012.SZ,7.11,5.92,102.0,0.158904109589,0.2010135135135136,0.8744493392070485,0.10714285714285714,0.4907960981749528,0.17563273018781533,0.8766519823788547,0.1388888888888889,0.5077704356338718
2023-08-17,123013.SZ,11.69,8.88,102.5,0.157534246575,0.3164414414414414,0.920704845814978,0.4880952380952381,0.7044000419551081,0.2823622261172345,0.9140969162995595,0.503968253968254,0.7090325851339068
2023-08-17,123018.SZ,7.25,8.05,102.0,1.188493150685,-0.09937888198757772,0.5352422907488987,0.14484126984126985,0.3400417802950843,-0.12720780145780863,0.5220264317180616,0.1388888888888889,0.33045766030347523
2023-08-17,123022.SZ,5.95,5.9,102.0,0.754520547945,0.008474576271186418,0.7026431718061674,0.17261904761904762,0.43763110971260755,-0.018559406541501344,0.7026431718061674,0.16666666666666666,0.434654919236417
2023-08-17,123025.SZ,88.05,48.79,102.5,0.778082191781,0.8046730887476943,0.9691629955947136,0.7063492063492064,0.8377561009719601,0.7473921382433577,0.9647577092511013,0.7063492063492064,0.8355534578001538
2023-08-17,123031.SZ,10.02,3.65,102.0,1.454794520548,1.7452054794520548,0.9955947136563876,0.9007936507936508,0.9481941822250193,1.6535314213076968,0.9933920704845814,0.9007936507936508,0.9470928606391161
2023-08-17,123034.SZ,9.06,8.0,102.5,1.179452054795,0.13250000000000006,0.8237885462555066,0.373015873015873,0.5984022096356898,0.09230901355600252,0.8193832599118943,0.34523809523809523,0.5823106775749948
2023-08-17,123035.SZ,6.26,6.87,102.0,1.138356164384,-0.08879184861717615,0.5550660792951542,0.4742063492063492,0.5146362142507517,-0.1165186403295766,0.5484581497797357,0.4523809523809524,0.5004195510803441
2023-08-17,123038.SZ,23.48,23.96,102.7,1.099178082192,-0.02003338898163609,0.6431718061674009,0.7420634920634921,0.6926176491154465,-0.05590137694309061,0.6321585903083701,0.7420634920634921,0.6871110411859311
2023-08-17,123039.SZ,15.32,29.73,102.8,1.158904109589,-0.4846955936764211,0.07268722466960352,0.4146825396825397,0.24368488217607162,-0.5043191242374322,0.07048458149779736,0.3888888888888889,0.22968673519334312
2023-08-17,123044.SZ,8.13,18.62,103.5,0.784109589041,-0.5633727175080558,0.03524229074889868,0.25992063492063494,0.1475814628347668,-0.5813098618642965,0.03303964757709251,0.25396825396825395,0.14350395077267322
2023-08-17,123046.SZ,6.89,3.91,100.0,0.0,0.7621483375959077,0.9647577092511013,0.011904761904761904,0.48833123557793157,0.7621483375959075,0.9669603524229075,0.011904761904761904,0.48943255716383466
2023-08-17,123048.SZ,8.4,8.86,102.0,0.534246575342,-0.05191873589164775,0.6079295154185022,0.7678571428571429,0.6878933291378225,-0.07535160614682657,0.6013215859030837,0.7658730158730159,0.6835973008880498
2023-08-17,123049.SZ,4.24,7.23,103.0,0.626301369863,-0.4135546334716459,0.12334801762114538,0.5853174603174603,0.35433273896930284,-0.4340767172272092,0.1211453744493392,0.5952380952380952,0.35819173484371725
2023-08-17,123050.SZ,5.09,4.88,103.5,0.517808219178,0.04303278688524581,0.7400881057268722,0.6587301587301587,0.6994091322285154,0.0027444384210160155,0.7290748898678414,0.6587301587301587,0.693902524299
2023-08-17,123052.SZ,8.45,7.09,103.0,0.405479452055,0.19181946403385042,0.8700440528634361,0.7579365079365079,0.813990280399972,0.15256896476791604,0.8612334801762115,0.7698412698412699,0.8155373750087407
2023-08-17,123054.SZ,9.85,9.89,103.0,0.340273972603,-0.004044489383215444,0.6696035242290749,0.6428571428571429,0.6562303335431089,-0.03623682004091966,0.6585903083700441,0.6587301587301587,0.6586602335501014
2023-08-17,123056.SZ,7.45,11.15,103.0,0.22602739726,-0.3318385650224215,0.20704845814977973,0.7103174603174603,0.45868295923362,-0.35271999531068465,0.1960352422907489,0.7261904761904762,0.4611128592406125
2023-08-17,123059.SZ,10.3,9.45,103.5,0.139726027397,0.08994708994709,0.7929515418502202,0.9682539682539683,0.8806027550520943,0.05166921191876184,0.7709251101321586,0.9682539682539683,0.8695895391930635
2023-08-17,123061.SZ,13.44,14.83,103.0,0.133150684932,-0.09372892784895481,0.5462555066079295,0.6686507936507936,0.6074531501293616,-0.12126114044583969,0.5374449339207048,0.6984126984126984,0.6179288161667016
2023-08-17,123063.SZ,5.03,4.63,103.0,0.103561643836,0.08639308855291583,0.7863436123348018,0.7559523809523809,0.7711479966435913,0.05369113465331532,0.7797356828193832,0.7976190476190477,0.7886773652192154
2023-08-17,123064.SZ,26.1,51.23,102.0,0.961643835616,-0.49053289088424745,0.07048458149779736,0.01984126984126984,0.0451629256695336,-0.5051874755135561,0.06828193832599119,0.01984126984126984,0.044061604083630516
2023-08-17,123065.SZ,12.0,24.07,103.5,0.953424657534,-0.5014540922309929,0.06167400881057269,0.8888888888888888,0.4752814488497308,-0.5227098494821367,0.06167400881057269,0.8888888888888888,0.4752814488497308
2023-08-17,123067.SZ,10.88,9.66,103.0,0.917808219178,0.1262939958592133,0.8215859030837004,0.015873015873015872,0.41872945947835816,0.08383155414872978,0.801762114537445,0.011904761904761904,0.4068334382211034
2023-08-17,123071.SZ,7.58,7.54,103.0,0.824657534247,0.0053050397877985045,0.6938325991189427,0.031746031746031744,0.3627893154324872,-0.03172804643618066,0.6651982378854625,0.031746031746031744,0.3484721348157471
2023-08-17,123072.SZ,15.84,35.47,104.0,1.484383561644,-0.553425429940795,0.04185022026431718,0.8511904761904762,0.44652034822739667,-0.5766439021770162,0.037444933920704845,0.8452380952380952,0.4413415145794
2023-08-17,123076.SZ,9.0,18.9,102.0,0.745205479452,-0.5238095238095237,0.05506607929515418,0.5376984126984127,0.2963822459967834,-0.5365326547663487,0.05506607929515418,0.5317460317460317,0.29340605552059296
2023-08-17,123078.SZ,16.59,15.41,102.0,0.723287671233,0.07657365347177159,0.7731277533039648,0.03571428571428571,0.40442101950912523,0.048032707945794506,0.7665198237885462,0.03571428571428571,0.40111705475141596
2023-08-17,123080.SZ,13.47,11.5,102.8,0.851506849315,0.17130434782608694,0.8524229074889867,0.2857142857142857,0.5690685966016362,0.13004082953554064,0.8480176211453745,0.27380952380952384,0.5609135724774492
2023-08-17,123082.SZ,6.71,8.68,103.0,0.835068493151,-0.2269585253456221,0.34140969162995594,0.5873015873015873,0.46435563946577163,-0.2555102183946958,0.32819383259911894,0.5714285714285714,0.44981120201384517
2023-08-17,123085.SZ,7.11,6.67,102.0,0.684931506849,0.06596701649175407,0.76431718061674,0.10714285714285714,0.43573001887979856,0.03809487998797079,0.7599118942731278,0.10317460317460317,0.43154324872386546
2023-08-17,123087.SZ,13.42,15.57,103.0,0.67397260274,-0.13808606294155434,0.4779735682819383,0.29365079365079366,0.385812180966366,-0.16863035589352338,0.460352422907489,0.2896825396825397,0.37501748129501433
2023-08-17,123088.SZ,15.03,20.62,102.8,0.808767123288,-0.27109602327837057,0.27312775330396477,0.2619047619047619,0.26751625760436337,-0.2964842677316303,0.2643171806167401,0.25793650793650796,0.261126844276624
2023-08-17,123089.SZ,5.82,5.57,103.0,0.657534246575,0.044883303411131115,0.7444933920704846,0.13095238095238096,0.43772288651143276,0.008014816294605875,0.7312775330396476,0.11904761904761904,0.42516257604363333
2023-08-17,123090.SZ,23.88,34.81,102.0,0.657534246575,-0.3139902326917553,0.2290748898678414,0.04365079365079365,0.13636284175931754,-0.33174922586733346,0.23127753303964757,0.04365079365079365,0.1374641633452206
2023-08-17,123091.SZ,13.32,15.79,102.0,0.652054794521,-0.15642811906269782,0.44493392070484583,0.015873015873015872,0.23040346828893085,-0.17822211876237348,0.43612334801762115,0.015873015873015872,0.2259981819453185
2023-08-17,123092.SZ,10.65,5.06,102.8,0.779178082192,1.1047430830039526,0.9801762114537445,0.031746031746031744,0.505961121599888,1.0320136942328308,0.9801762114537445,0.031746031746031744,0.505961121599888
2023-08-17,123093.SZ,23.23,48.97,104.0,0.867123287671,-0.5256279354706963,0.05286343612334802,0.49603174603174605,0.274447591077547,-0.5476446290721559,0.046255506607929514,0.4642857142857143,0.2552706104468219
2023-08-17,123096.SZ,4.72,4.5,103.0,0.558904109589,0.04888888888888876,0.748898678414097,0.9861111111111112,0.8675048947626041,0.01284278537645056,0.7422907488986784,0.9841269841269841,0.8632088665128312
2023-08-17,123099.SZ,21.36,19.77,102.5,0.520547945205,0.0804248861911987,0.7797356828193832,0.9801587301587301,0.8799472064890567,0.04874698081188589,0.7687224669603524,0.9801587301587301,0.8744405985595413
2023-08-17,123100.SZ,8.96,11.54,103.0,0.520547945205,-0.22357019064124772,0.3458149779735683,0.2698412698412698,0.3078281239074191,-0.2499751742333045,0.3370044052863436,0.26587301587301587,0.30143871057967975
2023-08-17,123101.SZ,14.88,26.13,102.0,0.441095890411,-0.4305396096440872,0.11233480176211454,0.6071428571428571,0.3597388294524858,-0.4441094314677113,0.11674008810572688,0.5912698412698413,0.3540049646877841
2023-08-17,123103.SZ,22.15,47.39,102.8,0.522739726027,-0.5326018147288458,0.05066079295154185,0.011904761904761904,0.03128277742815187,-0.5476327994103541,0.048458149779735685,0.011904761904761904,0.030181455842248794
2023-08-17,123104.SZ,7.29,17.71,102.0,0.424657534247,-0.588368153585545,0.024229074889867842,0.1388888888888889,0.08155898188937837,-0.5981125479703745,0.024229074889867842,0.1349206349206349,0.07957485490525137
2023-08-17,123106.SZ,5.33,7.4,102.5,0.402739726027,-0.27972972972972976,0.2599118942731278,0.5218253968253969,0.3908686455492623,-0.3000475281922027,0.2577092511013216,0.5238095238095238,0.3907593874554227
2023-08-17,123107.SZ,17.42,17.05,102.0,0.38904109589,0.02170087976539592,0.7202643171806168,0.1746031746031746,0.44743374589189566,-0.0021384429134886362,0.7202643171806168,0.17857142857142858,0.4494178728760227
2023-08-17,123108.SZ,19.03,28.39,101.8,0.386301369863,-0.3296935540683339,0.21365638766519823,0.11904761904761904,0.16635200335640865,-0.34403492743563147,0.21806167400881057,0.11904761904761904,0.1685546465282148
2023-08-17,123109.SZ,16.27,27.68,103.0,0.380821917808,-0.4122109826589595,0.12555066079295155,0.07936507936507936,0.10245787007901545,-0.4314332132043244,0.12555066079295155,0.07539682539682539,0.10047374309488846
2023-08-17,123112.SZ,9.96,8.46,103.0,0.361643835616,0.17730496453900702,0.8568281938325991,0.5476190476190477,0.7022236207258234,0.13901532604431677,0.8546255506607929,0.5515873015873016,0.7031064261240473
2023-08-17,123113.SZ,28.32,56.07,103.0,0.331506849315,-0.49491706795077584,0.06387665198237885,0.15873015873015872,0.11130340535626879,-0.5112014259254244,0.06387665198237885,0.15873015873015872,0.11130340535626879
2023-08-17,123114.SZ,31.5,31.72,103.0,0.232876712329,-0.0069356872635560896,0.6629955947136564,0.07738095238095238,0.37018827354730444,-0.038034835061567907,0.6519823788546255,0.06746031746031746,0.3597213481574715
2023-08-17,123115.SZ,17.37,28.78,103.0,0.194520547945,-0.39645587213342603,0.14317180616740088,0.015873015873015872,0.07952241102020838,-0.4151393652861999,0.14096916299559473,0.015873015873015872,0.0784210894343053
2023-08-17,123117.SZ,22.66,61.72,102.0,0.153424657534,-0.6328580686973428,0.013215859030837005,0.4444444444444444,0.2288301517376407,-0.6405975301038723,0.013215859030837005,0.4444444444444444,0.2288301517376407
2023-08-17,123118.SZ,48.09,15.99,103.0,0.138082191781,2.00750469043152,0.9977973568281938,0.7936507936507936,0.8957240752394937,1.9159982680686167,0.9977973568281938,0.7976190476190477,0.8977082022236207
2023-08-17,123119.SZ,28.54,33.66,102.0,0.093150684932,-0.15210932857991677,0.45374449339207046,0.3055555555555556,0.379650024473813,-0.1694930896620629,0.4581497797356828,0.3055555555555556,0.3818526676456192
2023-08-17,123120.SZ,7.46,7.72,103.0,0.052054794521,-0.033678756476683946,0.6211453744493393,0.25,0.43557268722466963,-0.06229793724142929,0.6211453744493393,0.2619047619047619,0.4415250681770506
2023-08-17,123121.SZ,55.63,74.38,103.0,0.035616438356,-0.25208389351976335,0.2973568281938326,0.5476190476190477,0.4224879379064401,-0.2741188607070655,0.28854625550660795,0.5476190476190477,0.4180826515628278
2023-08-17,123122.SZ,50.41,92.41,102.5,0.032876712329,-0.45449626663780973,0.09911894273127753,0.027777777777777776,0.06344836025452766,-0.46797188291841174,0.09911894273127753,0.031746031746031744,0.06543248723865464
2023-08-17,123124.SZ,10.02,17.41,102.0,0.002191780822,-0.42446869615163707,0.11674008810572688,0.9007936507936508,0.5087668694496889,-0.43576574797035705,0.11894273127753303,0.9007936507936508,0.5098681910355919
2023-08-17,123126.SZ,9.17,17.54,104.0,0.749589041096,-0.4771949828962372,0.08149779735682819,0.7738095238095238,0.427653660583176,-0.5009001735570984,0.07488986784140969,0.7738095238095238,0.4243496958254668
2023-08-17,123127.SZ,28.08,24.4,102.8,0.481643835616,0.15081967213114744,0.8414096916299559,0.9722222222222222,0.9068159569260891,0.11425383000565192,0.8348017621145375,0.9722222222222222,0.9035119921683799
2023-08-17,123128.SZ,13.16,19.61,102.0,0.397260273973,-0.3289138194798572,0.21585903083700442,0.9484126984126984,0.5821358646248513,-0.3446248671843447,0.21585903083700442,0.9484126984126984,0.5821358646248513
2023-08-17,123129.SZ,6.68,7.95,102.7,0.471780821918,-0.15974842767295605,0.43171806167400884,0.4861111111111111,0.45891458639256,-0.1855800436580819,0.42070484581497797,0.46825396825396826,0.4444794070344731
2023-08-17,123130.SZ,10.0,8.96,102.0,0.383561643836,0.11607142857142838,0.8149779735682819,0.878968253968254,0.8469731137682679,0.09008849726671064,0.8105726872246696,0.876984126984127,0.8437784071043983
2023-08-17,123131.SZ,9.52,10.09,102.8,0.494794520548,-0.056491575817641304,0.6035242290748899,0.7182539682539683,0.6608890986644291,-0.08658666822298522,0.5837004405286343,0.7142857142857143,0.6489930774071744
2023-08-17,123132.SZ,16.22,27.71,103.0,0.401095890411,-0.4146517502706605,0.1211453744493392,0.031746031746031744,0.07644570309768547,-0.4339051779976131,0.12334801762114538,0.027777777777777776,0.07556289769946158
2023-08-17,123133.SZ,13.56,17.83,102.5,0.392876712329,-0.2394840157038698,0.3237885462555066,0.03968253968253968,0.18173554296902317,-0.26086624400403957,0.31718061674008813,0.03968253968253968,0.1784315782113139
2023-08-17,123135.SZ,26.62,41.53,102.8,0.510684931507,-0.35901757765470743,0.16740088105726872,0.5277777777777778,0.34758932941752324,-0.3795584427978078,0.16740088105726872,0.5238095238095238,0.34560520243339626
2023-08-17,123138.SZ,21.72,26.56,103.0,0.324109589041,-0.18222891566265065,0.394273127753304,0.6031746031746031,0.49872386546395353,-0.20853798054497275,0.3876651982378855,0.5992063492063492,0.49343577372211733
2023-08-17,123140.SZ,14.76,12.07,100.0,0.0,0.22286661143330577,0.8920704845814978,0.8333333333333334,0.8627019089574156,0.22286661143330577,0.9030837004405287,0.8333333333333334,0.868208516886931
2023-08-17,123141.SZ,6.15,5.37,103.0,0.299178082192,0.14525139664804465,0.8348017621145375,0.9742063492063492,0.9045040556604433,0.10867425850842993,0.8303964757709251,0.9722222222222222,0.9013093489965737
2023-08-17,123142.SZ,27.98,33.91,103.0,0.209589041096,-0.1748746682394573,0.40969162995594716,0.5158730158730159,0.4627823229144815,-0.20053423385690028,0.40308370044052866,0.5198412698412699,0.46146248514089927
2023-08-17,123143.SZ,18.43,23.27,102.5,0.230136986301,-0.20799312419424154,0.35462555066079293,0.25396825396825395,0.30429690231452344,-0.22904135140852389,0.35462555066079293,0.25793650793650796,0.3062810292986504
2023-08-17,123144.SZ,10.39,13.85,103.0,0.176712328767,-0.24981949458483743,0.3039647577092511,0.07539682539682539,0.18968079155303824,-0.27291683512384746,0.2907488986784141,0.07142857142857142,0.18108873505349277
2023-08-17,123145.SZ,47.5,81.44,102.0,0.164383561644,-0.4167485265225933,0.11894273127753303,0.015873015873015872,0.06740787357527445,-0.42910488651313194,0.1277533039647577,0.011904761904761904,0.06982903293475981
2023-08-17,123146.SZ,6.86,7.42,103.0,0.17095890411,-0.07547169811320753,0.5748898678414097,0.35714285714285715,0.4660163624921334,-0.10388707083155524,0.5638766519823789,0.35714285714285715,0.460509754562618
2023-08-17,123147.SZ,8.12,7.78,102.5,0.108219178082,0.04370179948586106,0.7422907488986784,0.6130952380952381,0.6776929934969582,0.017171731315657413,0.7444933920704846,0.6111111111111112,0.6778022515907979
2023-08-17,123149.SZ,2.57,2.74,102.0,0.080821917808,-0.06204379562043805,0.5903083700440529,0.6150793650793651,0.6026938675617091,-0.081163154098845,0.5925110132158591,0.626984126984127,0.609747570099993
2023-08-17,123150.SZ,18.47,17.55,103.0,0.067123287671,0.05242165242165231,0.7533039647577092,0.5079365079365079,0.6306202363471085,0.021103159621749246,0.7466960352422908,0.5079365079365079,0.6273162715893994
2023-08-17,123151.SZ,22.82,28.1,103.0,0.092054794521,-0.18790035587188614,0.3876651982378855,0.13690476190476192,0.2622849800713237,-0.21225777704522553,0.381057268722467,0.13095238095238096,0.256004824837424
2023-08-17,123152.SZ,23.7,29.03,103.0,0.04602739726,-0.18360316913537722,0.3920704845814978,0.04048582995951417,0.21627815727050598,-0.20773575509391173,0.3898678414096916,0.04048582995951417,0.21517683568460289
2023-08-17,123153.SZ,16.23,19.24,103.0,0.04602739726,-0.15644490644490638,0.44273127753303965,0.771255060728745,0.6069931691308923,-0.18138028717687016,0.43392070484581496,0.7813765182186235,0.6076486115322193
2023-08-17,123154.SZ,21.49,33.49,103.0,0.017808219178,-0.35831591519856687,0.1696035242290749,0.02092050209205021,0.09526201316056256,-0.3771134370902137,0.17180616740088106,0.02092050209205021,0.09636333474646563
2023-08-17,123155.SZ,19.28,31.76,103.0,0.009863013699,-0.3929471032745592,0.14757709251101322,0.060085836909871244,0.10383146471044223,-0.4106846869171057,0.14757709251101322,0.060085836909871244,0.10383146471044223
2023-08-17,123156.SZ,10.69,10.69,103.0,0.003287671233,0.0,0.6751101321585903,0.7337662337662337,0.704438182962412,-0.02915720205765593,0.6740088105726872,0.7316017316017316,0.7028052710872095
2023-08-17,123157.SZ,14.56,16.01,103.0,0.290136986301,-0.09056839475327927,0.5506607929515418,0.5863636363636363,0.568512214657589,-0.11953683886842426,0.5440528634361234,0.5818181818181818,0.5629355226271526
2023-08-17,123158.SZ,49.63,42.19,102.0,0.267945205479,0.1763451054752312,0.8546255506607929,0.7970297029702971,0.825827626815545,0.15025788687911246,0.8590308370044053,0.7920792079207921,0.8255550224625987
2023-08-17,123159.SZ,19.51,24.45,103.0,0.267123287671,-0.20204498977505103,0.3656387665198238,0.1417910447761194,0.2537149056479716,-0.22729036616805187,0.3568281938325991,0.13930348258706468,0.2480658382098319
2023-08-17,123160.SZ,19.88,19.82,103.0,0.443835616438,0.003027245206861595,0.6872246696035242,0.88,0.7836123348017621,-0.03036537727969446,0.6718061674008811,0.88,0.7759030837004406
2023-08-17,123161.SZ,31.21,40.64,102.0,0.255616438356,-0.23203740157480313,0.33259911894273125,0.6363636363636364,0.4844813776531838,-0.24897758658747404,0.3392070484581498,0.6363636363636364,0.4877853424108931
2023-08-17,123162.SZ,8.42,8.05,103.0,0.421917808219,0.045962732919254456,0.7466960352422908,0.2578125,0.5022542676211454,0.01135499619997482,0.7400881057268722,0.24479166666666666,0.4924398861967694
2023-08-17,123163.SZ,24.54,27.28,103.0,0.421917808219,-0.10043988269794724,0.5330396475770925,0.8089005235602095,0.670970085568651,-0.1302036005847842,0.5154185022026432,0.806282722513089,0.6608506123578661
2023-08-17,123164.SZ,14.61,11.09,100.0,0.0,0.3174030658250675,0.9229074889867841,0.6290322580645161,0.7759698735256502,0.3174030658250675,0.9229074889867841,0.6290322580645161,0.7759698735256502
2023-08-17,123165.SZ,10.61,15.45,103.0,0.242465753425,-0.31326860841423954,0.23127753303964757,0.572972972972973,0.4021252530063103,-0.3348363131641122,0.22687224669603523,0.572972972972973,0.3999226098345041
2023-08-17,123166.SZ,26.1,25.95,103.0,0.316712328767,0.005780346820809301,0.6960352422907489,0.4322033898305085,0.5641193160606287,-0.026507595769900694,0.6828193832599119,0.423728813559322,0.5532740984096169
2023-08-17,123167.SZ,7.52,6.91,103.0,0.300273972603,0.08827785817655553,0.788546255506608,0.8263473053892215,0.8074467804479147,0.053509169264338574,0.7775330396475771,0.8263473053892215,0.8019401725183993
2023-08-17,123168.SZ,9.22,10.78,100.0,0.0,-0.144712430426716,0.4713656387665198,0.07621951219512195,0.27379257548082087,-0.144712430426716,0.4889867841409692,0.07621951219512195,0.28260314816804555
2023-08-17,123169.SZ,11.97,13.03,102.0,0.146849315068,-0.0813507290867228,0.5682819383259912,0.21084337349397592,0.3895626559099835,-0.10065824146984792,0.5682819383259912,0.20481927710843373,0.38655060771721245
2023-08-17,123170.SZ,29.28,33.93,103.0,0.219452054795,-0.13704686118479215,0.4801762114537445,0.03680981595092025,0.25849301370233235,-0.16396268180429674,0.4669603524229075,0.03680981595092025,0.25188508418691385
2023-08-17,123171.SZ,23.25,27.14,103.0,0.288219178082,-0.14333087693441415,0.473568281938326,0.3395061728395062,0.40653722738891607,-0.170603259614168,0.45374449339207046,0.3395061728395062,0.3966253331157883
2023-08-17,123172.SZ,21.92,21.16,102.5,0.202191780822,0.035916824196597474,0.7312775330396476,0.9932432432432432,0.8622603881414455,0.008660872990286395,0.73568281938326,0.9932432432432432,0.8644630313132515
2023-08-17,123173.SZ,15.33,13.81,103.0,0.316438356164,0.11006517016654604,0.8105726872246696,0.5692307692307692,0.6899017282277193,0.07443228573153582,0.7929515418502202,0.5538461538461539,0.673398847848187
2023-08-17,123174.SZ,13.46,12.97,102.5,0.151232876712,0.03777949113338486,0.73568281938326,0.8648648648648649,0.8002738421240625,0.010976158834640648,0.737885462555066,0.8648648648648649,0.8013751637099655
2023-08-17,123175.SZ,23.31,28.3,102.8,0.145479452055,-0.17632508833922267,0.4052863436123348,0.02912621359223301,0.2172062786022839,-0.19989210206710528,0.4052863436123348,0.02912621359223301,0.2172062786022839
2023-08-17,123176.SZ,88.05,64.54,102.0,0.092602739726,0.364270220018593,0.9273127753303965,0.26,0.5936563876651982,0.33630663085028,0.9273127753303965,0.26,0.5936563876651982
2023-08-17,123177.SZ,15.14,13.28,102.5,0.092602739726,0.1400602409638556,0.8325991189427313,0.6122448979591837,0.7224220084509575,0.11124994445861769,0.8325991189427313,0.6122448979591837,0.7224220084509575
2023-08-17,123178.SZ,11.62,15.05,102.5,0.135616438356,-0.22790697674418614,0.3370044052863436,0.13131313131313133,0.23415876829973747,-0.2477338276430182,0.34140969162995594,0.12121212121212122,0.23131090642103858
2023-08-17,123179.SZ,65.02,96.52,103.0,0.134794520548,-0.3263572316618317,0.21806167400881057,0.18556701030927836,0.20181434215904448,-0.34683268486664265,0.21145374449339208,0.18556701030927836,0.1985103774013352
2023-08-17,123180.SZ,34.84,48.49,103.0,0.088767123288,-0.2815013404825737,0.2533039647577093,0.03125,0.14227698237885464,-0.3030291470474713,0.2511013215859031,0.03125,0.14117566079295155
2023-08-17,127005.SZ,6.63,6.71,100.0,0.871232876712,-0.011922503725782407,0.6563876651982379,0.9682539682539683,0.8123208167261031,-0.020456607800286353,0.6938325991189427,0.9682539682539683,0.8310432836864554
2023-08-17,127006.SZ,17.09,14.21,102.0,0.865753424658,0.20267417311752278,0.8766519823788547,0.9543650793650794,0.915508530871967,0.16916868158497267,0.8744493392070485,0.9523809523809523,0.9134151457940004
2023-08-17,127007.SZ,5.58,5.58,102.0,0.279452054795,0.0,0.6751101321585903,0.1130952380952381,0.3941026851269142,-0.022286510232512935,0.6916299559471366,0.1388888888888889,0.4152594224180127
2023-08-17,127012.SZ,9.37,7.87,102.0,0.612328767123,0.1905972045743327,0.8678414096916299,0.9920634920634921,0.929952450877561,0.16028670129529332,0.8656387665198237,0.9920634920634921,0.9288511292916579
2023-08-17,127014.SZ,16.99,7.74,102.0,1.224657534247,1.1950904392764854,0.986784140969163,0.9404761904761905,0.9636301657226767,1.1265175314805158,0.9845814977973568,0.9404761904761905,0.9625288441367736
2023-08-17,127015.SZ,11.82,19.64,102.0,0.746301369863,-0.3981670061099797,0.14096916299559473,0.12698412698412698,0.13397664498986084,-0.414253373731128,0.14317180616740088,0.11507936507936507,0.12912558562338297
2023-08-17,127016.SZ,6.89,8.63,102.0,0.538356164384,-0.2016222479721902,0.3700440528634361,0.21825396825396826,0.2941490105587022,-0.22138623838684002,0.3656387665198238,0.21428571428571427,0.289962240402769
2023-08-17,127017.SZ,8.41,12.4,102.3,0.312328767123,-0.3217741935483871,0.22026431718061673,0.4742063492063492,0.347235333193483,-0.3390406254292939,0.22246696035242292,0.5079365079365079,0.36520173414446544
2023-08-17,127018.SZ,4.02,3.95,105.0,0.397260273973,0.017721518987341645,0.711453744493392,0.7579365079365079,0.7346951262149499,-0.03439471164445462,0.6629955947136564,0.8174603174603174,0.7402279560869869
2023-08-17,127019.SZ,13.85,21.2,102.0,0.139726027397,-0.3466981132075472,0.17841409691629956,0.007936507936507936,0.09317530242640375,-0.36038414023431276,0.18061674008810572,0.007936507936507936,0.09427662401230683
2023-08-17,127020.SZ,5.39,4.44,102.0,0.079452054795,0.2139639639639639,0.8854625550660793,0.9226190476190477,0.9040408013425635,0.189234404699119,0.8876651982378855,0.9206349206349206,0.904150059436403
2023-08-17,127022.SZ,7.32,11.0,102.0,0.50301369863,-0.3345454545454545,0.19823788546255505,0.4742063492063492,0.3362221173344521,-0.3507951410959934,0.19823788546255505,0.46825396825396826,0.33324592685826165
2023-08-17,127024.SZ,4.88,7.98,102.0,0.62904109589,-0.3884711779448622,0.15418502202643172,0.5496031746031746,0.35189409831480317,-0.40413666977189777,0.15638766519823788,0.5317460317460317,0.3440668484721348
2023-08-17,127025.SZ,7.99,13.11,102.0,0.626849315068,-0.3905415713196033,0.15198237885462554,0.2876984126984127,0.2198403957765191,-0.40614134337366425,0.15198237885462554,0.2698412698412698,0.2109118243479477
2023-08-17,127026.SZ,9.0,12.52,102.0,0.693150684932,-0.28115015974440893,0.2555066079295154,0.06349206349206349,0.15949933571078945,-0.30000215646215755,0.2599118942731278,0.051587301587301584,0.15574959793021467
2023-08-17,127027.SZ,3.19,3.17,102.0,0.687671232877,0.006309148264984188,0.698237885462555,0.3968253968253968,0.5475316411439759,-0.020029243838963207,0.698237885462555,0.3611111111111111,0.5296744982868331
2023-08-17,127028.SZ,13.92,9.98,102.0,0.616438356164,0.3947895791583165,0.9317180616740088,0.9801587301587301,0.9559383959163694,0.3592262618950406,0.9317180616740088,0.9801587301587301,0.9559383959163694
2023-08-17,127029.SZ,9.91,5.29,100.0,0.0,0.8733459357277884,0.973568281938326,0.9325396825396826,0.9530539822390043,0.8733459357277882,0.973568281938326,0.9325396825396826,0.9530539822390043
2023-08-17,127030.SZ,11.86,13.31,102.0,0.244931506849,-0.10894064613072885,0.5154185022026432,0.15476190476190477,0.335090203482274,-0.1285051095079638,0.5198237885462555,0.15079365079365079,0.3353087196699532
2023-08-17,127031.SZ,11.32,17.38,102.0,0.4,-0.34867663981588026,0.1762114537444934,0.42857142857142855,0.30239144115796096,-0.3639420310701956,0.17841409691629956,0.42857142857142855,0.30349276274386405
2023-08-17,127032.SZ,6.97,6.78,102.5,0.350684931507,0.028023598820059004,0.724669603524229,0.8035714285714286,0.7641205160478288,-0.0004698563702641989,0.7224669603524229,0.8015873015873016,0.7620271309698623
2023-08-17,127033.SZ,4.35,5.14,102.0,0.339726027397,-0.15369649805447472,0.45154185022026433,0.5257936507936508,0.48866775050695754,-0.17304497989474354,0.44713656387665196,0.5198412698412699,0.4834889168589609
2023-08-17,127034.SZ,9.3,12.04,103.0,0.301369863014,-0.22757475083056466,0.3392070484581498,0.9325396825396826,0.6358733654989162,-0.2522604006183714,0.33480176211453744,0.9325396825396826,0.63367072232711
2023-08-17,127035.SZ,3.87,4.32,103.8,0.345205479452,-0.10416666666666674,0.5220264317180616,0.3333333333333333,0.42767988252569744,-0.1398227799261652,0.4977973568281938,0.3333333333333333,0.4155653450807636
2023-08-17,127037.SZ,18.64,10.61,102.0,0.197260273973,0.7568331762488221,0.9625550660792952,0.996031746031746,0.9792934060555206,0.7190609332765467,0.9625550660792952,0.996031746031746,0.9792934060555206
2023-08-17,127038.SZ,86.48,98.18,102.0,0.113424657534,-0.11916887349765737,0.4933920704845815,0.01984126984126984,0.25661667016292566,-0.13739928960716297,0.5022026431718062,0.01984126984126984,0.26102195650653803
2023-08-17,127039.SZ,8.02,8.0,102.0,0.13698630137,0.0024999999999999467,0.6828193832599119,0.8591269841269841,0.7709731836934479,-0.018475053648070006,0.7048458149779736,0.8650793650793651,0.7849625900286694
2023-08-17,127040.SZ,7.54,8.52,102.0,0.06904109589,-0.11502347417840375,0.5022026431718062,0.03373015873015873,0.26796640095098245,-0.13296282955162242,0.5110132158590308,0.051587301587301584,0.2813002587231662
2023-08-17,127041.SZ,17.51,26.44,102.5,0.101369863014,-0.33774583963691374,0.1894273127753304,0.8313492063492064,0.5103882595622684,-0.3545367267052276,0.19383259911894274,0.8452380952380952,0.519535347178519
2023-08-17,127042.SZ,4.07,4.85,102.0,0.024657534247,-0.1608247422680411,0.42951541850220265,0.6309523809523809,0.5302338997272917,-0.17747799599300806,0.43832599118942733,0.6587301587301587,0.548528074959793
2023-08-17,127043.SZ,19.3,19.98,103.0,0.016438356164,-0.034034034034034044,0.6189427312775331,0.031746031746031744,0.3253443815117824,-0.062318614990083065,0.6189427312775331,0.031746031746031744,0.3253443815117824
2023-08-17,127044.SZ,18.52,26.57,102.0,0.005479452055,-0.30297327813323305,0.24008810572687225,0.623015873015873,0.4315519893713726,-0.3166771769408857,0.24008810572687225,0.626984126984127,0.4335361163554996
2023-08-17,127045.SZ,41.57,46.55,102.0,0.004383561644,-0.10698174006444672,0.5198237885462555,0.14285714285714285,0.33134046570169917,-0.12452952632581893,0.5308370044052864,0.15873015873015872,0.34478358156772254
2023-08-17,127046.SZ,34.41,47.45,102.0,0.442465753425,-0.2748155953635407,0.2665198237885463,0.28174603174603174,0.27413292776728904,-0.2921056718978732,0.2687224669603524,0.28174603174603174,0.2752342493531921
2023-08-17,127047.SZ,6.93,13.34,102.5,0.406849315068,-0.48050974512743627,0.07929515418502203,0.2400793650793651,0.15968725963219355,-0.49518398597351865,0.07929515418502203,0.23015873015873015,0.1547269421718761
2023-08-17,127049.SZ,11.82,14.39,102.0,0.316712328767,-0.1785962473940237,0.4008810572687225,0.11904761904761904,0.25996433815817077,-0.1971949313943765,0.40969162995594716,0.11507936507936507,0.2623854975176561
2023-08-17,127050.SZ,34.5,28.52,102.0,0.383561643836,0.20967741935483875,0.8810572687224669,0.9603174603174603,0.9206873645199636,0.18151527445682225,0.8832599118942731,0.9603174603174603,0.9217886861058667
2023-08-17,127051.SZ,35.27,61.87,103.0,0.450410958904,-0.42993373201874896,0.1145374449339207,0.25396825396825395,0.18425284945108733,-0.44894731427629453,0.11233480176211454,0.25,0.18116740088105726
2023-08-17,127052.SZ,14.1,18.7,102.0,0.324657534247,-0.2459893048128342,0.31057268722466963,0.12301587301587301,0.21679428012027133,-0.2631192584887897,0.30837004405286345,0.12301587301587301,0.21569295853436823
2023-08-17,127053.SZ,18.41,17.97,103.0,0.338630136986,0.024485253199777457,0.7224669603524229,0.9623015873015873,0.8423842738270051,-0.008613476062420466,0.7136563876651982,0.9603174603174603,0.8369869239913292
2023-08-17,127054.SZ,7.4,7.51,102.0,0.257534246575,-0.01464713715046595,0.6541850220264317,0.8432539682539683,0.7487194951402,-0.036400720876430426,0.6563876651982379,0.8412698412698413,0.7488287532340396
2023-08-17,127055.SZ,14.86,18.5,103.0,0.242465753425,-0.19675675675675675,0.3722466960352423,0.4166666666666667,0.39445668135095446,-0.2219836698189318,0.3634361233480176,0.4087301587301587,0.38608314103908814
2023-08-17,127056.SZ,15.63,23.5,102.0,0.190684931507,-0.3348936170212765,0.1960352422907489,0.1527777777777778,0.17440651003426333,-0.34915165367126266,0.2026431718061674,0.15079365079365079,0.1767184112999091
2023-08-17,127058.SZ,27.12,16.04,100.0,0.167671232877,0.690773067331671,0.9581497797356828,0.626984126984127,0.7925669533599049,0.687942872706744,0.9581497797356828,0.626984126984127,0.7925669533599049
2023-08-17,127059.SZ,7.15,8.63,103.0,0.21698630137,-0.171494785631518,0.4118942731277533,0.11507936507936507,0.2634868191035592,-0.19731698816565313,0.40748898678414097,0.1111111111111111,0.25930004894762604
2023-08-17,127060.SZ,34.4,42.36,102.0,0.132602739726,-0.18791312559017948,0.3854625550660793,0.031746031746031744,0.20860429340605552,-0.2048700878804226,0.3964757709251101,0.031746031746031744,0.21411090133557092
2023-08-17,127061.SZ,7.74,12.93,103.0,0.131506849315,-0.4013921113689095,0.13876651982378854,0.17857142857142858,0.15866897419760856,-0.4195683676902793,0.13656387665198239,0.17857142857142858,0.15756765261170547
2023-08-17,127062.SZ,5.54,7.67,103.0,0.195616438356,-0.2777053455019557,0.2621145374449339,0.061507936507936505,0.1618112369764352,-0.3000723485871052,0.2555066079295154,0.05952380952380952,0.15751520872666247
2023-08-17,127063.SZ,6.88,4.4,102.0,0.161643835616,0.5636363636363635,0.9515418502202643,0.9523809523809523,0.9519614013006084,0.530551295897651,0.9515418502202643,0.9523809523809523,0.9519614013006084
2023-08-17,127064.SZ,31.96,27.88,102.0,0.099726027397,0.14634146341463428,0.8370044052863436,0.01984126984126984,0.4284228375638067,0.1227664441597327,0.8436123348017621,0.01984126984126984,0.431726802321516
2023-08-17,127065.SZ,36.98,17.06,100.0,0.093698630137,1.167643610785463,0.9845814977973568,0.9642857142857143,0.9744336060415355,1.165614459702673,0.986784140969163,0.9642857142857143,0.9755349276274387
2023-08-17,127066.SZ,121.5,152.2,102.0,0.056164383562,-0.20170827858081464,0.36784140969163,0.5436507936507936,0.45574610167121177,-0.21779176569978498,0.3744493392070485,0.5555555555555556,0.46500244738130203
2023-08-17,127067.SZ,7.32,10.5,102.0,0.02301369863,-0.3028571428571428,0.2422907488986784,0.493801652892562,0.36804620089562023,-0.3166807841981846,0.23788546255506607,0.49586776859504134,0.3668766155750537
2023-08-17,127068.SZ,11.57,16.0,102.5,0.009863013699,-0.276875,0.2643171806167401,0.7850877192982456,0.5247024499574928,-0.2945800738184925,0.2665198237885463,0.7850877192982456,0.525803771543396
2023-08-17,127069.SZ,64.13,54.44,103.0,0.009863013699,0.17799412196914033,0.8590308370044053,0.3684210526315789,0.6137259448179921,0.14357410786235292,0.8568281938325991,0.3684210526315789,0.612624623232089
2023-08-17,127070.SZ,11.18,11.06,102.0,0.001369863014,0.010849909584086825,0.7070484581497798,0.1880952380952381,0.44757184812250894,-0.008983986252694476,0.711453744493392,0.21904761904761905,0.46525068177050555
2023-08-17,127071.SZ,50.17,53.02,102.0,0.197808219178,-0.05375330064126749,0.6057268722466961,0.746606334841629,0.6761666035441625,-0.07410274657811688,0.6057268722466961,0.746606334841629,0.6761666035441625
2023-08-17,127072.SZ,19.46,15.56,102.0,0.271232876712,0.250642673521851,0.9030837004405287,0.9896373056994818,0.9463605030700053,0.22286848250817615,0.9052863436123348,0.9896373056994818,0.9474618246559083
2023-08-17,127073.SZ,35.8,48.23,101.8,0.270410958904,-0.2577234086668049,0.2907488986784141,0.04292929292929293,0.1668390958038535,-0.2727798542595723,0.29295154185022027,0.04040404040404041,0.16667779112713033
2023-08-17,127074.SZ,31.6,30.94,102.5,0.25397260274,0.02133160956690361,0.7180616740088106,0.746031746031746,0.7320467100202783,-0.006041728901808763,0.7158590308370044,0.746031746031746,0.7309453884343753
2023-08-17,127075.SZ,7.13,10.31,103.0,0.24904109589,-0.30843840931134825,0.23788546255506607,0.02717391304347826,0.13252968779927216,-0.33020047126018237,0.23348017621145375,0.02717391304347826,0.130327044627466
2023-08-17,127076.SZ,24.3,28.3,102.0,0.162739726027,-0.1413427561837456,0.47577092511013214,0.7513812154696132,0.6135760702898727,-0.15952014783575474,0.473568281938326,0.7458563535911602,0.6097123177647431
2023-08-17,127077.SZ,9.99,13.92,103.0,0.212876712329,-0.2823275862068966,0.2511013215859031,0.02054794520547945,0.13582463339569129,-0.304667754011573,0.2488986784140969,0.02054794520547945,0.1347233118097882
2023-08-17,127078.SZ,7.78,7.35,103.0,0.270684931507,0.05850340136054433,0.7555066079295154,0.8979591836734694,0.8267328958014923,0.02497954967819127,0.748898678414097,0.8979591836734694,0.8234289310437832
2023-08-17,127079.SZ,47.41,55.69,103.0,0.268493150685,-0.14868019393068777,0.4647577092511013,0.29577464788732394,0.38026617856921263,-0.1756248395848069,0.44493392070484583,0.29577464788732394,0.37035428429608486
2023-08-17,127080.SZ,26.63,29.14,103.0,0.189863013699,-0.08613589567604674,0.5594713656387665,0.15625,0.35786068281938327,-0.11438577624370627,0.552863436123348,0.15625,0.354556718061674
2023-08-17,128017.SZ,22.72,20.54,100.0,0.0,0.1061343719571568,0.801762114537445,0.03373015873015873,0.41774613663380183,0.1061343719571568,0.8237885462555066,0.03373015873015873,0.42875935249283265
2023-08-17,128021.SZ,4.29,5.09,100.0,0.0,-0.15717092337917482,0.43832599118942733,0.15079365079365079,0.29455982099153905,-0.15717092337917482,0.4779735682819383,0.15079365079365079,0.31438360953779454
2023-08-17,128023.SZ,9.61,10.24,100.0,0.0,-0.06152343750000011,0.5925110132158591,0.8333333333333334,0.7129221732745963,-0.06152343750000011,0.6233480176211453,0.8333333333333334,0.7283406754772394
2023-08-17,128025.SZ,16.48,8.93,100.0,0.0,0.8454647256438972,0.9713656387665198,0.9305555555555556,0.9509605971610378,0.8454647256438972,0.9713656387665198,0.9305555555555556,0.9509605971610378
2023-08-17,128026.SZ,9.4,11.12,100.0,0.0,-0.15467625899280568,0.44933920704845814,0.6706349206349206,0.5599870638416894,-0.15467625899280568,0.48237885462555063,0.6706349206349206,0.5765068876302356
2023-08-17,128030.SZ,7.8,7.18,100.0,0.0,0.08635097493036215,0.7819383259911894,0.0873015873015873,0.43461995664638836,0.08635097493036215,0.8083700440528634,0.0873015873015873,0.44783581567722536
2023-08-17,128033.SZ,8.34,7.87,100.0,0.0,0.05972045743329102,0.7577092511013216,0.7757936507936508,0.7667514509474862,0.05972045743329102,0.7819383259911894,0.7757936507936508,0.77886598839242
2023-08-17,128034.SZ,3.88,3.96,100.0,0.0,-0.02020202020202022,0.6409691629955947,0.6726190476190477,0.6567941053073212,-0.02020202020202022,0.6960352422907489,0.6726190476190477,0.6843271449548982
2023-08-17,128035.SZ,23.44,51.59,100.0,0.0,-0.545648381469277,0.04405286343612335,0.011904761904761904,0.027978812670442627,-0.5456483814692771,0.05286343612334802,0.011904761904761904,0.032384099014054965
2023-08-17,128036.SZ,6.65,6.8,102.0,0.887671232877,-0.022058823529411686,0.6365638766519823,0.7896825396825397,0.7131232081672609,-0.049505966310476324,0.6387665198237885,0.7896825396825397,0.7142245297531641
2023-08-17,128037.SZ,2.76,3.1,102.0,0.854794520548,-0.10967741935483877,0.513215859030837,0.16666666666666666,0.3399412628487518,-0.13438883933865087,0.5088105726872246,0.14682539682539683,0.32781798475631074
2023-08-17,128039.SZ,5.08,5.72,102.0,0.38904109589,-0.11188811188811187,0.5110132158590308,0.9444444444444444,0.7277288301517376,-0.13261040575607275,0.513215859030837,0.9484126984126984,0.7308142787217677
2023-08-17,128041.SZ,8.06,6.83,102.0,0.175342465753,0.18008784773060027,0.8612334801762115,0.10317460317460317,0.4822040416754073,0.15496343760838438,0.8634361233480177,0.11507936507936507,0.4892577442136914
2023-08-17,128042.SZ,9.88,10.05,102.0,0.104109589041,-0.01691542288557213,0.6453744493392071,0.23412698412698413,0.4397507167330956,-0.03717433013103333,0.6541850220264317,0.29365079365079366,0.47391790783861265
2023-08-17,128044.SZ,3.22,3.43,102.0,0.021917808219,-0.061224489795918324,0.5969162995594713,0.5337301587301587,0.565323229144815,-0.07982957939607283,0.5947136563876652,0.5912698412698413,0.5929917488287533
2023-08-17,128048.SZ,4.62,4.33,100.0,1.375890410959,0.06697459584295617,0.7665198237885462,0.9166666666666666,0.8415932452276065,0.052493439532456554,0.775330396475771,0.9087301587301587,0.8420302776029649
2023-08-17,128049.SZ,9.12,7.37,103.0,1.446575342466,0.2374491180461329,0.8986784140969163,0.9722222222222222,0.9354503181595692,0.18476753688544312,0.8854625550660793,0.9722222222222222,0.9288423886441508
2023-08-17,128053.SZ,4.24,4.88,102.0,0.912328767123,-0.13114754098360648,0.486784140969163,0.41865079365079366,0.4527174673099783,-0.1557353045790152,0.4801762114537445,0.40476190476190477,0.44246905810782466
2023-08-17,128056.SZ,5.84,5.99,102.5,1.030684931507,-0.025041736227045086,0.6343612334801763,0.7916666666666666,0.7130139500734214,-0.058290530563030685,0.6277533039647577,0.7817460317460317,0.7047496678553947
2023-08-17,128062.SZ,4.91,4.21,102.0,0.680547945205,0.1662707838479811,0.8502202643171806,0.996031746031746,0.9231260051744633,0.1358244645035942,0.8524229074889867,0.996031746031746,0.9242273267603665
2023-08-17,128063.SZ,5.67,8.58,104.0,1.313698630137,-0.33916083916083917,0.18722466960352424,0.4246031746031746,0.30591392210334944,-0.37250408120216527,0.1762114537444934,0.4246031746031746,0.300407314173834
2023-08-17,128066.SZ,8.95,8.77,103.0,0.67397260274,0.020524515393386622,0.7158590308370044,0.9702380952380952,0.8430485630375498,-0.015640580009552707,0.7092511013215859,0.9682539682539683,0.8387525347877771
2023-08-17,128070.SZ,10.42,9.39,100.0,0.257534246575,0.10969116080937158,0.8083700440528634,0.8313492063492064,0.8198596252010348,0.10684066703673278,0.8281938325991189,0.8293650793650794,0.8287794559820991
2023-08-17,128071.SZ,3.31,3.92,102.0,0.009863013699,-0.1556122448979591,0.44713656387665196,0.9226190476190477,0.6848778057478498,-0.1722489079427082,0.44933920704845814,0.9642857142857143,0.7068124606670863
2023-08-17,128072.SZ,8.57,15.14,102.5,1.491780821918,-0.43394980184940557,0.11013215859030837,0.48214285714285715,0.29613750786658277,-0.4556779452407551,0.10792951541850221,0.43253968253968256,0.2702345989790924
2023-08-17,128074.SZ,12.96,16.97,102.0,1.352054794521,-0.23629935179728923,0.32819383259911894,0.6388888888888888,0.4835413607440039,-0.26106873276872977,0.31497797356828194,0.626984126984127,0.47098105027620446
2023-08-17,128075.SZ,5.58,5.11,100.0,0.0,0.09197651663405093,0.7951541850220264,0.75,0.7725770925110131,0.09197651663405093,0.8171806167400881,0.75,0.7835903083700441
2023-08-17,128076.SZ,13.53,13.76,102.0,1.265753424658,-0.016715116279069853,0.6475770925110133,0.5357142857142857,0.5916456891126495,-0.04781125289680066,0.6453744493392071,0.5198412698412699,0.5826078595902384
2023-08-17,128081.SZ,11.75,9.54,102.0,1.109589041096,0.23165618448637337,0.8964757709251101,0.45634920634920634,0.6764124886371582,0.1945117771689273,0.8920704845814978,0.4007936507936508,0.6464320676875743
2023-08-17,128082.SZ,11.49,9.13,102.8,1.337808219178,0.25848849945235486,0.9074889867841409,0.38095238095238093,0.6442206838682609,0.20848375913925943,0.8986784140969163,0.36507936507936506,0.6318788895881406
2023-08-17,128083.SZ,7.55,6.5,102.0,1.023287671233,0.1615384615384614,0.8458149779735683,0.6130952380952381,0.7294551080344032,0.12745233412192447,0.8458149779735683,0.5952380952380952,0.7205265366058318
2023-08-17,128085.SZ,2.3,3.91,105.0,1.208219178082,-0.41176470588235303,0.1277533039647577,0.15674603174603174,0.14224966785539472,-0.4461489904737618,0.1145374449339207,0.14682539682539683,0.13068142087965878
2023-08-17,128087.SZ,4.74,4.16,102.0,1.002739726027,0.13942307692307687,0.8303964757709251,0.4444444444444444,0.6374204601076847,0.10620657271232226,0.8259911894273128,0.42857142857142855,0.6272813089993706
2023-08-17,128090.SZ,3.82,4.23,102.0,0.961643835616,-0.09692671394799068,0.5418502202643172,0.21626984126984128,0.3790600307670792,-0.12290319733646038,0.5330396475770925,0.19444444444444445,0.3637420460107685
2023-08-17,128091.SZ,12.14,8.11,102.8,1.202465753425,0.49691738594328005,0.9493392070484582,0.25,0.599669603524229,0.4393095154996205,0.947136563876652,0.25,0.598568281938326
2023-08-17,128095.SZ,90.97,66.64,102.0,0.772602739726,0.3650960384153661,0.9295154185022027,0.011904761904761904,0.47071009020348226,0.328268431492879,0.9251101321585903,0.011904761904761904,0.46850744703167607
2023-08-17,128097.SZ,8.15,9.75,102.0,0.715068493151,-0.16410256410256407,0.42290748898678415,0.7638888888888888,0.5933981889378365,-0.1861978498771354,0.4185022026431718,0.75,0.5842511013215859
2023-08-17,128101.SZ,10.12,13.69,102.0,0.63698630137,-0.26077428780131484,0.28193832599118945,0.17857142857142858,0.230254877281309,-0.2797667402001476,0.28193832599118945,0.17857142857142858,0.230254877281309
2023-08-17,128105.SZ,5.85,7.91,102.0,0.538356164384,-0.2604298356510747,0.2841409691629956,0.8849206349206349,0.5845308020418152,-0.2787380332455436,0.2841409691629956,0.8849206349206349,0.5845308020418152
2023-08-17,128106.SZ,15.48,8.82,102.0,0.534246575342,0.7551020408163265,0.960352422907489,0.06547619047619048,0.5129143066918398,0.7117227652584157,0.960352422907489,0.05952380952380952,0.5099381162156492
2023-08-17,128108.SZ,6.83,17.84,102.0,0.33698630137,-0.617152466367713,0.015418502202643172,0.013888888888888888,0.014653695545766031,-0.6258952432849181,0.015418502202643172,0.015873015873015872,0.015645759037829523
2023-08-17,128109.SZ,7.06,7.12,102.0,0.308219178082,-0.008426966292134908,0.6607929515418502,0.6865079365079365,0.6736504440248934,-0.03079826657730078,0.6696035242290749,0.6904761904761905,0.6800398573526327
2023-08-17,128111.SZ,41.19,10.63,100.0,0.0,2.8748824082784568,1.0,0.1349206349206349,0.5674603174603174,2.8748824082784568,1.0,0.1349206349206349,0.5674603174603174
2023-08-17,128116.SZ,17.25,29.0,102.0,0.205479452055,-0.4051724137931034,0.13215859030837004,0.9642857142857143,0.5482221522970422,-0.4180081250086669,0.13876651982378854,0.9642857142857143,0.5515261170547514
2023-08-17,128117.SZ,14.49,27.92,103.0,0.193150684932,-0.4810171919770774,0.07709251101321586,0.011904761904761904,0.04449863645898888,-0.4970763034385157,0.07709251101321586,0.011904761904761904,0.04449863645898888
2023-08-17,128118.SZ,11.38,21.35,103.5,0.231780821918,-0.46697892271662766,0.08590308370044053,0.5257936507936508,0.30584836724704567,-0.48615451016073974,0.0881057268722467,0.5634920634920635,0.3257988951821551
2023-08-17,128119.SZ,7.82,9.3,102.0,0.147945205479,-0.1591397849462366,0.43392070484581496,0.03373015873015873,0.23382543178798684,-0.17682121420817243,0.44273127753303965,0.027777777777777776,0.23525452765540872
2023-08-17,128120.SZ,14.63,17.44,102.5,0.157808219178,-0.1611238532110092,0.42731277533039647,0.6388888888888888,0.5331008321096427,-0.1828423367485491,0.42731277533039647,0.6507936507936508,0.5390532130620236
2023-08-17,128121.SZ,22.74,19.17,102.0,0.131506849315,0.1862284820031297,0.8634361233480177,0.8690476190476191,0.8662418711978184,0.1614716345596401,0.8700440528634361,0.876984126984127,0.8735140899237815
2023-08-17,128122.SZ,12.21,13.43,102.0,0.106849315068,-0.09084139985107964,0.5484581497797357,0.5396825396825397,0.5440703447311377,-0.10960076993115586,0.5594713656387665,0.5396825396825397,0.5495769526606531
2023-08-17,128123.SZ,10.46,12.98,103.0,0.090410958904,-0.19414483821263473,0.3744493392070485,0.746031746031746,0.5602405426193973,-0.21830250331564627,0.3700440528634361,0.753968253968254,0.562006153415845
2023-08-17,128124.SZ,9.15,20.64,102.0,0.06904109589,-0.5566860465116279,0.037444933920704845,0.003968253968253968,0.020706593944479407,-0.5656724617684069,0.04185022026431718,0.003968253968253968,0.022909237116285574
2023-08-17,128125.SZ,14.77,24.79,103.0,0.078082191781,-0.4041952400161355,0.1343612334801762,0.7738095238095238,0.45408537864485,-0.4219869565720622,0.1343612334801762,0.7936507936507936,0.4640060135654849
2023-08-17,128127.SZ,4.28,4.56,103.5,0.994520547945,-0.06140350877192968,0.5947136563876652,0.9087301587301587,0.7517219075589119,-0.10177444108429012,0.566079295154185,0.8968253968253969,0.7314523459897909
2023-08-17,128128.SZ,6.35,5.53,102.0,0.994520547945,0.1482820976491861,0.8392070484581498,0.1865079365079365,0.5128574924830431,0.11489629889062791,0.8370044052863436,0.17063492063492064,0.5038196629606321
2023-08-17,128129.SZ,2.9,4.22,100.0,0.784657534247,-0.3127962085308057,0.23348017621145375,0.4146825396825397,0.3240813579469967,-0.31814642398752024,0.2356828193832599,0.38095238095238093,0.3083176001678204
2023-08-17,128130.SZ,3.53,3.4,102.0,0.964383561644,0.03823529411764692,0.737885462555066,0.5892857142857143,0.6635855884203902,0.00834410716018441,0.7334801762114538,0.5158730158730159,0.6246765960422349
2023-08-17,128131.SZ,11.23,16.91,102.0,0.945205479452,-0.3358959195742164,0.19162995594713655,0.6031746031746031,0.3974022795608698,-0.354895570577748,0.19162995594713655,0.6031746031746031,0.3974022795608698
2023-08-17,128132.SZ,18.38,18.33,102.0,0.923287671233,0.0027277686852156258,0.6850220264317181,0.9682539682539683,0.8266379973428432,-0.025752294380431584,0.6872246696035242,0.9642857142857143,0.8257551919446193
2023-08-17,128133.SZ,24.25,22.87,102.5,0.904109589041,0.06034105815478785,0.7599118942731278,0.8134920634920635,0.7867019788825956,0.025434155730271968,0.751101321585903,0.7896825396825397,0.7703919306342213
2023-08-17,128134.SZ,29.27,32.96,102.0,0.857534246575,-0.11195388349514568,0.5066079295154186,0.23809523809523808,0.3723515838053283,-0.1366251164683886,0.5044052863436124,0.21825396825396826,0.3613296272987903
2023-08-17,128135.SZ,39.62,58.18,102.0,0.827397260274,-0.3190099690615332,0.22687224669603523,0.06746031746031746,0.14716628207817634,-0.3377348361597029,0.22466960352422907,0.04365079365079365,0.13416019858751135
2023-08-17,128136.SZ,31.86,57.31,102.0,0.236712328767,-0.4440760774733904,0.10352422907488987,0.6666666666666666,0.38509544787077826,-0.4562384589022179,0.10572687224669604,0.6626984126984127,0.3842126424725544
2023-08-17,128137.SZ,27.18,26.95,102.0,0.786301369863,0.008534322820037188,0.7048458149779736,0.503968253968254,0.6044070344731138,-0.018804734308943583,0.7004405286343612,0.47619047619047616,0.5883155024124187
2023-08-17,128138.SZ,12.2,25.13,103.0,0.750684931507,-0.514524472741743,0.05947136563876652,0.753968253968254,0.40671980980351025,-0.532074870080373,0.05726872246696035,0.746031746031746,0.4016502342493532
2023-08-17,128141.SZ,15.61,15.17,102.0,0.668493150685,0.029004614370468085,0.7290748898678414,0.04563492063492063,0.387354905251381,0.0022593911651296317,0.7268722466960352,0.031746031746031744,0.3793091392210335
2023-08-17,128142.SZ,14.31,18.33,102.0,0.665753424658,-0.21931260229132554,0.3524229074889868,0.5079365079365079,0.4301797077127474,-0.23958343296863105,0.3458149779735683,0.5079365079365079,0.4268757429550381
2023-08-17,128143.SZ,10.72,12.63,103.0,0.729863013699,-0.1512272367379256,0.4581497797356828,0.38492063492063494,0.42153520732815886,-0.18174695444263544,0.42951541850220265,0.35714285714285715,0.3933291378225299
2023-08-17,128144.SZ,8.89,10.95,102.0,0.372602739726,-0.1881278538812784,0.3832599118942731,0.14682539682539683,0.265042654359835,-0.20694392406644146,0.394273127753304,0.1388888888888889,0.26658100832109644
